basePrice,occupancy,leadTimeDays,season_encoded,isWeekend,competitorPrice,amenitiesCount,roomType_encoded,isReturningGuest,finalPrice
20603.385585826036,0.3355351153623154,25.458673598045657,0,0,36852.59242552759,4,6,0,27590.10690442018
47683.57240126606,0.32228091916479984,49.10925765292195,0,0,35302.301207417004,18,5,0,78076.12184780803
37403.71526513604,0.915629122468933,42.833613640365,2,0,7500.44733717781,5,1,1,60507.3692171075
31136.94875726072,0.3245915798645555,5.013528312296669,0,0,46360.903030572605,16,6,1,44550.18940685266
10332.876100794518,0.3447547535157679,4.8490902695313665,0,0,29718.193501370522,14,6,1,14990.583367545214
10331.742455801525,0.7834584361761673,9.366390020954558,2,0,20095.099493377158,19,6,0,22729.833402763357
5729.929771905375,0.504765858205486,13.439033222209678,3,0,38557.31342427941,14,5,1,12605.845498191826
43710.27885142195,0.799039501259663,15.75055510661682,3,0,15096.1765448768,9,1,0,82114.95511145922
31252.405551930813,0.15882954180794673,34.15465599465454,0,0,35594.96234117706,6,4,0,37212.26409923914
36279.411156414135,0.5388140743060459,1.7505050856413766,0,1,4866.42675589562,17,3,0,73681.41130153413
3967.471231902715,0.13025224016495437,1.0586420562608898,2,0,42452.17776763578,19,3,0,6219.925101281897
48585.763051613736,0.15638788310981908,14.922999222389215,2,0,24064.029810001968,12,1,1,84617.00673801453
42124.804117619824,0.9157937080099698,35.83688572599243,3,0,32924.56697482326,4,6,0,82399.72899625066
12979.93820187898,0.22532083400583566,6.449136441196317,1,0,13398.177530914132,16,0,0,22699.7675951048
11545.773458733729,0.5791786140476954,30.775173571140787,0,0,34822.46449494705,11,1,0,18295.67734627459
11620.01196311139,0.4699860423406359,9.026186211666985,1,0,39295.292966984,4,1,0,14805.733049805423
17299.385419098275,0.41260899363295844,65.16937369411282,1,1,25241.01978356674,17,3,0,37305.646603527974
27663.552286715178,0.9098500111185452,67.81162529967368,2,1,32033.165430904333,8,2,0,50160.22854405808
23301.415876179442,0.11964105709794055,10.58421034763337,0,1,24447.318419652733,14,0,0,40205.353214692106
16687.769589307973,0.6974107175580302,7.840699572937685,0,0,45022.294355118735,2,3,0,23928.339086898344
31757.086051951836,0.9670549907921954,15.895359304590086,2,0,26399.851484173,11,5,1,55838.57704479723
9556.211450645966,0.6041513651156577,8.254096338551115,1,0,42565.00932435449,11,1,1,13590.445558749587
16730.798481155252,0.9431402158297827,33.477378294538255,2,1,40663.54673870168,6,2,1,30351.8426931927
20219.00663480351,0.1470320913574214,52.47215397484126,3,0,22293.726603372757,14,0,1,29929.22808934599
24435.28925820069,0.47691398716674527,33.54230681065741,0,0,13813.971117301327,10,4,0,34289.3781616142
39903.270185471636,0.334142011865846,52.17793339579799,3,1,22085.860230309238,8,0,1,68182.1405733047
12384.667761442908,0.7577388684826568,15.174752530256084,2,1,41832.21666143535,7,0,0,27246.2690751744
27169.018605439745,0.983167381447522,5.099352379126786,0,0,13698.729183511441,8,6,1,44624.46124138626
30843.484736515995,0.33087705619982305,40.17670707215677,3,0,27648.50825531422,8,1,0,48680.08543124552
5183.169397839893,0.688757141326667,13.41086375686781,3,0,40886.54715415513,2,1,1,9548.343419888155
31554.608039367602,0.27828786948376616,33.375631326037066,1,0,19613.441331033802,16,4,0,47546.350623198705
11014.633813302702,0.6087972291144489,9.467797393004867,0,1,33183.85293912678,9,4,0,17573.796583687083
6057.4248703081375,0.5175392380195026,2.541571875118148,3,0,14544.683980294283,13,4,0,12513.569435299261
47597.620250906664,0.9748047966683834,147.11454691702625,3,0,8136.133932303516,12,3,0,86037.6522763101
48384.70555450429,0.6476745454268199,5.0952469909380484,1,1,40336.058579364246,17,3,1,106446.35221990944
40994.67536147367,0.4145557348781369,133.75684935056336,3,0,7651.52530020922,2,1,0,53705.613943318625
17316.847151148424,0.20268620639914003,113.5352015132251,3,0,15754.925568740475,13,1,0,33944.486142742135
7590.589358300042,0.23612214586144112,47.36989527185629,3,1,43190.14283387968,1,4,1,9870.531281331001
35158.95224607138,0.3027852369561116,32.31341788773079,1,1,19284.05649269736,19,3,0,63736.36088199573
23687.16720576126,0.3258699952062682,25.868785276479773,3,0,48733.13142716557,11,2,0,46437.28365605031
8735.797037704604,0.865554452057024,60.32020702904752,3,1,49047.51373437141,5,3,0,19218.75348295013
26273.314775229697,0.6051005094542724,10.251036425826362,0,1,15608.972961317164,1,1,0,36790.01040509538
4616.260492415265,0.5710518202369298,18.91538233354227,0,0,4925.976445744851,13,3,1,8245.53666054731
45738.05889770276,0.20329198468229573,28.979399090287654,1,1,36137.97435765282,8,1,1,58783.435266544715
15162.659135200794,0.8741257240144915,15.889576086147027,2,0,24196.365624472153,6,4,1,32334.103650379875
34138.547364637154,0.7505328728876354,16.731566485678833,0,0,7735.383666100086,17,6,0,62969.68418872247
17650.420576202316,0.16090152571000144,12.027076012549779,1,0,36253.572491968014,12,4,0,25670.69109529497
27443.19699535711,0.7370515875067918,24.919346000207828,3,0,4465.220728260298,1,4,0,51986.33116630933
28695.383129134145,0.5891843956083814,57.02872576807991,3,1,43899.24445313538,3,2,1,46838.36040795873
11688.15940969977,0.17355281117210042,6.751675533071577,1,0,9516.668868325276,14,6,0,15944.452672702952
48570.47750493425,0.5124705773757908,81.74050048305753,3,0,8983.658301096075,8,2,0,73399.80834287698
39431.24269797238,0.5362266584170423,35.0473275413472,3,0,11256.598004523472,11,1,0,77849.47437766683
47156.45025351689,0.2491970861469482,51.99450940230469,2,0,48132.518849127126,14,0,0,69594.50796606064
45056.88547009949,0.9511283323002541,24.37080890135072,3,1,35578.95993193076,8,5,1,99125.14803421889
31101.299004121003,0.8649778343325958,45.357999911511094,0,1,40664.46216679092,3,2,0,51925.35681461851
46328.08904608649,0.7021201035961975,0.4899917551002193,3,1,21688.84432943939,7,1,0,93958.92153182052
7159.147596440216,0.5160660049005465,51.17523076679897,1,0,18806.69819273291,19,6,0,11568.204708410582
12211.194533699825,0.4705889874260577,1.228999495887746,2,1,14020.748318808986,4,3,1,20967.329698751735
5125.682578795289,0.6858761204358588,66.19463206455183,3,1,25590.45733068322,16,6,0,11276.501673349638
18290.525545873425,0.590888682466215,144.71003851594293,1,0,28935.950476105918,13,4,0,33784.60983967625
21267.832615405656,0.15604579529369705,10.447068046373953,0,1,32693.4176516795,19,4,0,40691.62093555454
15753.404493373107,0.5612523838932986,7.08376951941873,3,0,15084.569687938641,5,4,0,25361.513293002674
41950.66293014068,0.8257632555095555,43.49151572001476,2,1,47586.74180244056,5,1,1,72130.46622288396
19767.406354598697,0.5133158898372623,8.751760702414714,3,1,10978.649415735385,4,4,0,38281.42395670576
16203.921955306896,0.1467609197988416,60.19965008827791,1,1,48385.69921402138,2,2,1,22092.33451089729
28506.715908437676,0.8076503794456298,3.255718493219477,2,1,3698.237757852678,13,3,0,59809.58907070951
9623.438573813844,0.281227403922377,4.0387092574993115,3,0,25612.907515391744,16,4,1,17064.792303623875
40703.258095439865,0.33275875139923494,116.1142775604107,0,0,18668.28839147845,2,1,1,39430.41778144206
6503.880252949229,0.2482357180890663,33.610915277845116,2,1,24108.800454721786,19,3,0,12120.781042093311
49383.68602022431,0.3971935583843478,56.29741601626127,0,0,29821.235212097086,17,4,0,76023.4093567344
39295.5041569429,0.7810763551197715,11.761486988527029,1,1,23472.690426597324,5,0,0,62449.85590763207
12339.637032106102,0.5674472735535436,33.855177989450155,3,1,22497.801964174963,18,4,0,27147.201470633427
3259.539504809313,0.2843931467356413,27.059937918170526,0,1,37438.000524425406,18,5,0,1957.2202589397157
41326.68713737721,0.8900470703368367,27.72591618409074,1,1,35236.184929063835,8,6,0,90918.71170222986
36222.295160838,0.8916236694563763,34.421391019205934,3,1,42163.75025568485,15,2,1,79689.04935384361
37263.336897926405,0.8835205825414062,25.695347418365458,1,1,14748.072118256292,13,3,0,81979.3411754381
39249.70629423945,0.31491659024338536,16.814259104783314,0,0,31647.83995844099,13,2,1,52927.95912831268
6480.098631502247,0.5061154097628893,9.685713497371953,1,0,30504.154913464132,16,0,0,10613.791349421088
19847.88924158081,0.9864906905267876,43.905803658690026,2,1,20377.67711101637,13,0,0,43665.356331477786
8445.845797681097,0.7948112286789913,7.696063322972016,3,0,25844.704469426004,2,5,1,14292.47536728348
43565.86101615289,0.12445067910300384,35.364195084600574,1,1,17747.76073536925,3,2,0,66925.89853188935
32295.011960895223,0.15868413213444285,7.971074988709608,0,0,9666.686687998304,15,3,0,48301.15031322443
18552.207168074514,0.5175382391310995,29.451302821505738,3,0,13048.656901148443,19,0,1,40814.85576976393
5987.242463443111,0.9182981852754042,41.24025583069052,2,0,7959.141380856451,13,0,1,10111.267336989984
17616.16912063612,0.5848316181574428,7.404415704003267,3,1,35104.270033935834,5,4,0,35477.78449690998
18283.61613525711,0.5480312572308612,1.8544526191352446,2,0,34054.18747613012,6,5,0,32239.723982449043
37291.49038188901,0.19492632996096754,4.211458169299118,3,1,47678.499464254026,14,6,0,77939.66298355591
32965.201153695016,0.6911020942518646,27.941900172964978,1,1,37294.88544142034,4,1,0,51736.13820749052
44698.99890108735,0.839892844540203,56.803084601132646,1,1,5446.154421538178,19,6,0,95931.27942835026
25194.101482611615,0.44237800675680616,1.3812182987295767,0,0,44559.52317466085,7,6,0,33501.23931601647
8620.92955910018,0.7980506658327947,39.74483324858704,2,0,43545.73265844911,4,0,0,10767.91676731637
36522.50499948076,0.9680289885107305,12.525461727966519,0,0,23836.05507631684,2,3,1,48060.315753140945
38756.89728499418,0.2833898132149202,19.533012199013278,1,1,30535.56337481231,7,3,1,70317.17164542174
29380.028285766322,0.5709966680752672,79.2929755426726,2,1,48875.68162620839,3,4,0,49654.847488318985
39235.457457864366,0.35842416227611795,12.102733463226912,0,0,28018.305100863814,15,3,0,67704.06710148942
26208.393029126364,0.8135689771304554,18.783555406417403,0,1,45550.125933676216,1,4,0,41526.69736181645
27568.44298095372,0.6198340292930418,0.4133064503284753,0,0,6902.821617078762,2,0,0,41606.19036933978
23094.427862851833,0.6711241757952734,2.553625790845547,0,0,11979.437829308094,10,0,0,37755.91478639427
4194.698956972474,0.8181227436543047,8.976109393681494,0,0,23715.48234174194,16,6,0,5806.394649721484
8070.897068685309,0.4563734253962094,0.8474241137616699,2,0,30483.56999185332,15,0,0,17755.97355110768
4477.17172727651,0.9235810615663389,29.93928889036694,0,1,41362.70903755161,15,0,1,6412.760668280928
32911.28932939768,0.579725980521526,16.674603749687158,2,0,49448.31941172978,14,1,1,52653.07107130814
17774.731110587352,0.2421593405518132,23.83183187200877,0,0,21276.020334283472,14,5,1,26981.419065060058
26902.82248474103,0.7263092063519222,5.758329918184188,1,0,5228.534898583992,6,6,0,51267.570790844504
45655.62427452637,0.8139352153944289,10.526411351668287,1,0,40655.06065488027,14,6,0,96408.4186720417
14716.734769997121,0.385085509360774,32.70365577446136,0,0,31405.89379689198,17,5,0,29231.460414213034
22287.9973826746,0.8714613312988777,100.8328225769852,3,0,12331.514366805479,18,1,1,49033.59424188412
38510.90351152329,0.9155289292891897,1.551962991104393,1,0,26256.937461206748,19,0,0,77639.88061978373
13753.513778106255,0.34921403864002803,66.32324570430355,2,1,37888.58154008505,17,3,0,29864.94358270655
6618.05576195327,0.9851693254436998,25.803068742066596,0,1,39209.35399222626,16,4,0,13576.46024777059
16618.3182869471,0.22664037524388259,24.897857181874084,2,1,26482.065363941812,8,6,0,31018.993074012775
10577.400500938209,0.28181410156224096,20.811132185905162,3,1,17345.08291605638,7,5,0,20800.447681215333
46695.789660100934,0.2658023553142235,2.157581533471838,0,0,48765.9013558092,12,2,0,63241.84403818645
40981.657839527594,0.9045907390070834,2.825260825942684,1,1,34178.04271495517,9,4,0,88287.27994986881
32769.9765559899,0.6888632970924656,27.55720047635259,2,1,22187.16340927604,14,2,0,72093.94842317779
43958.647738822736,0.2368938549000456,12.509066419565999,1,1,16181.771537618664,1,2,0,72375.42245423427
40772.58761425838,0.49629107653151405,74.76448847353649,1,0,37361.84020116742,10,6,0,57871.24343362897
11768.792767643685,0.6537682225628219,15.656118743212383,0,1,14382.621942907082,17,0,1,18285.588685541683
44950.27292902896,0.17511767649044496,4.639375126520812,2,1,11070.369481763344,17,2,0,98890.60044386372
28349.085370035584,0.8941747315666049,37.628401077527286,3,0,27902.192781217305,17,0,0,62367.98781407829
40949.687292710936,0.8232431818973817,10.416738808670937,1,1,16629.407454274668,4,1,0,64669.72957903833
45116.29109640418,0.5546860962189745,22.362932585702563,0,0,32558.54181140991,17,3,1,70542.49927714586
17946.163323677603,0.9704139537332533,35.90324173370986,0,1,8543.117719088974,18,2,0,37254.66016765596
8172.440452800808,0.47598488134758976,69.15689096712883,3,0,33782.23191466411,2,6,0,12408.63080060689
13712.95263947126,0.985699287132848,47.13410483360424,0,1,16314.936815892004,8,3,0,25373.61754340465
23074.066065434046,0.7011279989232644,33.84380374852799,1,1,3011.4179184220984,13,0,0,40230.262430050534
41446.69399835718,0.6712041459285473,34.148659040373786,0,1,8965.99471068629,15,2,0,78248.20345922458
43454.33741304814,0.24935940576620652,87.52130172927417,2,0,46879.92275824942,9,4,0,72892.71504946801
3326.7501349659633,0.8937349824741796,10.521812775710428,2,1,43765.66803842182,3,6,1,4950.669320766016
27005.12322114559,0.48474071912855365,0.03338139095348595,1,0,13979.624505703132,3,1,1,38297.02736316284
22618.317147992613,0.24601006520423144,9.521754429729935,2,0,39583.479513638085,2,5,1,30920.756769803542
13439.067092124322,0.11134676797818314,7.372849420487269,3,0,31602.86487917679,1,1,0,25723.055979249133
8633.672264683093,0.6037801152745443,32.526603301771196,0,0,48632.52143814386,14,2,1,10818.217378719723
18867.913055970515,0.5746596599104087,30.130028312710575,1,1,20559.46599810078,17,6,0,41509.40872313514
47316.7560838884,0.7474182601322427,27.002290650301912,3,1,35028.64878830705,13,1,0,104096.8633845545
18190.537804975495,0.901232247716022,0.49130442523021556,0,1,5986.178953924174,19,5,1,40019.18317094609
27383.159221938207,0.17146592617872658,39.14453418067583,3,0,21623.62530037108,15,4,0,54503.09047105881
36041.89106807336,0.7583468413063261,11.72603364043454,1,1,48299.43007584448,14,3,0,79292.1603497614
20090.591311826818,0.268670749687824,32.81375677464453,1,0,28332.101099155665,2,4,0,23734.066355456453
48673.75788788515,0.8723593478414475,24.397029983555637,3,0,16530.336656737694,7,1,0,84622.12065827151
48235.02286227923,0.8371571624754904,12.589853820070028,0,0,8652.735267044522,17,5,1,82006.39258150023
14833.767903792115,0.58671437948699,4.336080821256973,2,1,36065.83198853193,18,3,0,32634.289388342655
26370.679776942117,0.7392185187609803,2.97535317926702,2,1,33308.23404119716,6,6,0,54786.13740550424
17141.280561388172,0.3829151018653736,53.42785010886091,3,0,20575.119539377407,8,5,0,32531.713117789706
16387.50323574098,0.5240511090395332,75.17687687748558,1,1,47694.24353769421,2,4,1,24407.676366706954
4733.686525663041,0.8394732079394245,31.476501813456892,0,1,4043.532210428965,1,0,0,8101.2736874989305
31649.523697055152,0.5133386774558926,3.275504913792723,0,0,17275.021026695813,16,0,0,47689.65623539685
26625.91409175649,0.4220184387928976,15.426301177749,1,0,46290.265856080325,7,3,1,33464.749396873856
5419.501308749499,0.5447912025252699,39.16236388231471,2,1,18083.965601013697,11,3,0,11582.568820621638
16096.383819120738,0.8454243271934965,45.39941700871707,0,0,14855.883191193008,15,3,0,27819.994014809246
45688.49664043272,0.4016872426337855,3.7743337433637176,3,0,28108.359266768624,13,0,1,87414.47742946248
14259.408861347703,0.25638543382216944,0.0009215795164742848,2,1,41718.68224626528,2,4,0,23785.122596327987
9810.058988287485,0.7408126182977027,37.35812297557855,3,1,7847.897761282969,14,3,1,21582.129774232468
26004.279733045463,0.8433803914372736,13.229481622436452,2,0,47321.9733533496,6,0,0,40865.322769398925
49325.57134319824,0.19057373067118,8.810253110000309,1,1,40368.42541551471,9,3,1,81192.54414452577
14376.597761040519,0.31588670148035025,0.3894409285450616,3,0,11518.762010922941,7,3,1,29039.54450192076
34590.37072807629,0.22777479078489452,23.315396570407483,3,0,36464.37417631364,18,5,0,76098.81560176784
38796.121920449725,0.41314727042394994,57.14463396753837,1,1,21093.059963965185,9,3,0,57123.26440538905
14168.964567642784,0.5053158810148713,94.84060709321172,3,0,21907.84986958698,4,0,1,23470.896031436816
37226.1683847574,0.7739437032669758,25.023697382849836,2,0,39814.63434462672,9,4,0,65343.29786317875
20285.8072378049,0.6860328263935067,21.674890197668272,0,0,48250.88597509441,4,0,0,23289.765595946817
32718.374037898237,0.658835710730588,2.666785172727904,0,1,8952.826023818114,12,0,0,63516.889961975474
32775.89640576205,0.417137451948689,23.88017828260091,1,1,22769.62113330451,4,3,1,46518.46715058088
28181.41015151365,0.8573027977762839,14.340061737243005,2,1,25604.255579962264,14,5,1,61999.10233333003
7243.61919255719,0.5241584506583481,28.02869857617494,3,0,20686.655396884886,7,2,0,10600.307148113525
42259.217292694186,0.9811944442136391,14.766316327835366,3,0,20069.888814662576,13,6,0,92970.27804392722
18076.663053671582,0.6707279244661631,8.244915199901843,0,1,5456.627375395037,8,2,1,30449.975268413007
11766.369988793149,0.21363826740805247,2.993458983147633,3,1,35220.315166443295,5,2,1,18907.499070505168
4916.431653073904,0.7085598058678906,11.346521664376755,0,1,23502.077604642134,12,0,0,10439.4048971502
30771.968329847365,0.3925936138885291,3.0491845615023916,1,0,12155.308724264558,13,3,1,55211.05273307365
34845.525006587275,0.7176944770174877,5.840216235236709,3,1,41353.57460819722,14,6,1,76660.15501449202
3779.627959609239,0.16267703334616518,131.0701343566767,2,0,40720.355163126515,18,2,0,5026.644970252688
27068.373740066207,0.2573932934583635,17.615197665241467,3,1,25860.40652017801,4,1,1,54024.04832166553
13645.301434303085,0.8701635330152077,22.77039052206302,0,0,17027.181073944746,18,1,0,22833.360558057873
33323.12114924414,0.3044616013211634,62.053511883760436,1,0,32990.35811243326,7,1,0,38102.03918094366
11195.222163234597,0.853337012718646,162.57322588463043,0,1,16543.150381537944,15,4,0,18580.17880654382
35474.0736908159,0.3513484796089694,26.219535533404276,3,0,14092.372725214465,6,3,1,56752.257475734885
21176.56127612526,0.6785937190528368,50.21510466660116,0,1,37334.188739237354,16,0,1,40127.451064700246
47026.309470626526,0.7247355161588479,11.877669665288957,0,0,4895.286266884683,8,0,0,68892.9956389909
9463.484374861684,0.5613892778305477,10.947433473604944,1,0,7454.118138625916,16,3,0,19754.920198573865
19030.11849936215,0.3747796090270582,15.460260268634764,2,1,3319.0441791087196,16,5,0,41866.260698596736
8333.255498307686,0.2913799387339865,33.48868200766408,3,0,10188.329764345028,3,6,1,12510.068024454251
46460.60005909245,0.1298704191061836,34.38920623069308,1,1,6242.530409391595,17,5,1,78139.38895264611
44234.94960890611,0.37355176111665145,11.360581243720906,2,1,49802.71128565617,9,4,0,97316.88913959345
15123.256502612314,0.6878465114781547,4.288753756528333,0,1,16574.06858784221,3,3,0,19705.9578177122
34019.25016360641,0.9444743366036344,30.022491145053785,2,0,10015.596595454623,7,5,0,63132.26093770101
41409.44340945714,0.8840840340367468,4.12018860255598,0,0,14326.824125808143,18,6,0,74526.05792684985
29094.43814517473,0.7894582988817723,25.917531828833773,0,0,46997.90186238633,12,4,0,42862.49851882269
27893.577182732304,0.8096026089279688,35.46850462631947,1,1,27447.530482146598,19,2,1,61365.869802011075
14367.057672321229,0.6984864131283958,36.180396175346885,0,1,20146.450526469274,16,2,0,23701.988863252973
7375.830086877263,0.3342581718094027,42.008404516770376,1,0,44049.39852173331,17,4,0,15220.660859031805
45169.14062380636,0.9164755276352469,61.873856636953455,2,0,21564.542715804524,15,3,0,88786.34910745322
45319.64868667653,0.7036590807152506,20.791955035579683,2,1,18745.402788011703,1,2,0,86384.4037725277
32755.76849184359,0.6043965678823959,39.30770010972332,0,0,12742.278559837572,2,3,0,41323.304195234596
18934.400179288932,0.19989052229213297,28.962281409718884,1,1,20756.45072374234,8,5,0,31058.67721952245
19412.850006795063,0.5023499894257829,6.197441669952547,0,0,17884.16473279552,2,2,0,27269.689318365865
37119.91690690125,0.5143224440817337,0.7807615899000693,1,1,34833.28608701263,19,6,1,74698.79187477942
45164.18221777112,0.878107248570403,10.04494569826442,1,0,16610.387119524174,9,6,0,69044.04597881263
44693.06194046052,0.5919833981690097,17.557516648710997,1,0,30128.388081860387,9,5,1,59607.86519479711
39654.15065530832,0.44236049407336875,28.799908361229352,2,1,6096.931756502718,13,6,0,87239.13144167831
33175.487369251525,0.9791202956595934,56.90546674969023,1,1,11990.590364736176,6,3,0,71218.28606904278
6954.5783547672945,0.1996485339936841,6.553850229226327,2,1,22148.04776573339,15,3,0,15300.072380488049
10596.549562446846,0.4802935854807502,4.024797642597434,1,0,47036.61493370868,19,6,1,23278.210206380165
45232.04686077272,0.13782220765426478,99.29681354954933,2,1,20730.843328637686,15,1,0,71151.55926550768
31502.165804000728,0.7659137086902373,3.43017306323246,3,1,34211.4836963922,18,4,0,69304.7647688016
3432.2614259815937,0.9262688969792355,19.53086643635303,2,0,14989.099453805713,7,0,1,5111.8297806487335
7769.162514703509,0.35203359659544053,26.42508194471824,2,1,8970.57807074189,11,4,0,16017.825624159988
34184.58314807862,0.8725075091192088,23.385634009089777,0,1,5751.220203762356,8,6,1,58033.164303203535
3237.8944407722784,0.36299640741570804,2.698796726889159,1,1,17354.43443150931,6,3,0,7123.367769699013
10557.978416622438,0.9196931454795237,1.761526127608871,3,0,10410.068259454674,8,3,0,23219.483781083803
28790.488100229548,0.7785657132371055,3.344155471539345,0,0,11178.491056757837,2,4,0,41157.93214624432
35519.07429155658,0.8244160991572947,26.426816042816498,1,0,38755.687494186655,19,3,1,70471.24231967297
33642.17919662222,0.11620590004040905,23.580572644887148,3,1,3744.3893344090884,16,5,0,74012.7942325689
13540.65754464631,0.9665293213666234,7.987043246583887,3,0,29217.075909565418,7,2,0,22178.383277388046
36472.423403334185,0.754003892863291,30.464620324751642,3,1,20834.684887892847,10,3,0,80239.33148733522
14150.707112349603,0.37427598584752,51.45520529539705,1,1,26807.84999570172,12,6,0,21426.64088769217
18293.785813485585,0.8464551983729622,1.2740429533930262,3,1,29453.021149086337,17,6,1,40246.32878966829
38085.096040547134,0.353369078573437,20.682421334628494,3,0,17728.281639492074,7,4,0,66333.81382895121
33532.746255219085,0.8854784556095151,35.06882924702977,0,0,16870.116428661408,8,4,0,51646.76747724554
42913.50029322636,0.20132235137074334,8.723082083446762,2,1,37469.886918740565,7,4,0,71127.24573311298
33907.80593811614,0.7333173797147162,11.03514949314608,1,1,43950.01844169439,4,6,0,54695.141127968585
29710.504356767167,0.5866286289804193,28.52940822233397,2,0,12051.336725550811,3,1,0,39599.7228202401
7402.714087920346,0.18688102317589672,68.4644486648386,0,0,7588.081745152001,19,6,0,9604.506062160506
20282.642743793374,0.31770444543295506,49.81000494116392,2,0,45196.40290042522,15,5,1,35228.71647002258
15464.511281041096,0.11116363264958332,26.24944145909491,3,1,19445.086791427737,4,6,1,25279.443713678862
14467.513238816928,0.5218911689180553,39.30464502638675,3,0,28911.917361152264,9,5,0,29162.86833599784
48731.49607336494,0.3711387346840004,13.615522340615973,1,0,19898.527792440163,13,6,1,86348.72025155734
21475.593059337738,0.6385217358679829,30.73010619283934,1,0,8912.709808264412,18,6,0,43375.86300149571
44926.18809332432,0.3675140269377555,18.830986684385387,1,1,30698.58731254322,16,1,0,88397.477167175
32663.515421871354,0.36992720035628623,6.319265716323405,0,0,27681.620033172592,1,5,0,38886.730620462426
40356.13126645747,0.768873878858443,36.293517070661395,1,1,12540.69728198627,4,1,0,66437.08087420039
26623.94337594403,0.14332855238051811,24.389332350249585,0,1,24237.845098657057,18,5,0,45618.64097085654
30114.482577438877,0.9126054956727885,13.324069214587539,3,1,40456.53268873535,8,1,1,57787.53251317051
26148.331609486602,0.8670374869520633,72.68811943705707,2,0,30750.026846070894,16,1,1,52882.95161064822
12176.420426508092,0.7010242149037659,0.6346903001907808,3,0,7555.114372148758,11,5,0,24691.593864410373
36955.24941729075,0.6338994130966459,11.383972983699875,3,0,28757.01036976935,19,1,0,77416.7473326355
16196.301034720222,0.903072248325687,1.7568969923286355,3,1,36028.70006661058,19,6,1,35631.86227638449
4142.85042227833,0.266797161575843,43.64070584029307,1,0,40257.06007169531,18,5,0,6616.658077846809
33337.19790763689,0.17107224597174575,36.330673253320384,1,1,32568.526195810537,19,1,0,73341.83539680117
11324.2019321313,0.3155591529185843,12.0749352870471,1,0,10174.933733416836,11,6,0,16297.358240701424
47201.55346458697,0.8151204508301713,33.77915636310788,2,0,36378.14352973755,3,6,0,86793.18502217175
47834.6431191216,0.131203240053835,15.12231468925587,1,0,34835.066765831274,8,4,0,68491.46677567926
45998.62634036108,0.6245261515751407,42.34883171336192,0,0,4148.063498209762,19,0,1,78218.33688140986
20397.458912005888,0.9958937645721789,18.164182153916173,3,1,22352.14037674143,10,5,1,44874.409606412955
3726.460976856769,0.8701264844537855,15.945125156479852,2,1,18648.661607231545,16,1,0,8198.214149084892
46630.9724416231,0.5693011201392305,81.87664414602811,2,1,34462.367019921236,5,4,1,71554.0634070601
23124.654970913773,0.15727681835797813,8.665646793742642,2,1,13158.383178613274,9,0,0,42215.128717776024
48432.77649505247,0.8482361629471389,3.8502552499234315,2,0,30770.98037979015,8,1,0,75380.70919951127
48290.138923194885,0.6390806573594895,26.351292972828603,2,1,45920.6802052661,11,0,1,93603.4669722326
43091.44440696592,0.20343969735361017,104.52610124304589,0,1,40496.71149380456,16,5,0,74043.08076757626
16839.09792727053,0.18447155634102058,14.236701624514025,3,1,46308.51360217693,7,6,0,35486.35465232492
21099.59324429049,0.9186641374929332,1.9213357313429509,2,0,48989.780445836426,15,6,0,44803.59761926613
43003.42356129227,0.7022802366442706,12.433901168839823,3,1,3501.49596928965,17,0,1,92529.1113901916
17895.334242345052,0.84635811938508,21.152442593522114,1,1,32268.839989741446,6,6,1,35215.29699229473
10966.159094246348,0.8910810102540406,5.299359155800327,2,0,22403.4516946686,15,2,1,21922.279804023587
29169.659335542456,0.61459511684349,32.19730409400409,2,0,43413.16104575072,8,3,0,42763.17222853353
46999.2743855567,0.5657017165795372,182.8966064582148,3,1,14835.29099442919,7,6,1,101433.37689438557
35713.40044372373,0.48738466928889124,18.030140886362776,2,1,49108.385988408576,2,2,0,71642.0486016723
29792.874994200152,0.38525192901200733,13.142526253106976,2,0,31844.274568556124,13,5,1,59680.60304684877
7567.295207226121,0.4911363647728406,15.35999773133764,2,1,40296.25790475505,6,5,0,14482.591034780567
31905.339654860978,0.7964916901571407,3.6699846283420454,0,0,7023.1789826701115,5,0,0,39803.94918349845
49532.53095490037,0.6417310879136184,64.43767669237755,0,1,11622.520583666657,1,6,0,78291.70275885178
9583.948716116629,0.9032709609593614,16.075363542030278,2,1,38644.97263260755,18,6,1,20361.192039997557
27361.49366109563,0.49904201294126893,14.695142894824265,0,1,4033.3665358482094,15,6,1,47051.617253015094
44236.534380613906,0.6463806208468786,32.336973422303274,1,1,41393.26533700779,10,4,0,93996.27505348901
37816.12503444761,0.6681767977827898,17.503686376090506,2,1,3655.6038785198384,3,1,0,63674.92048692183
35759.73982677759,0.632527446075693,31.343627612980292,1,0,33884.585435879846,5,3,1,52663.97165160581
36016.751947394136,0.7323703957769647,1.9024558533221732,3,0,20159.414250894875,13,6,0,70268.34659627103
19896.084107328494,0.3136901215373257,50.415669330264336,1,1,31740.25807780236,8,1,1,31348.511479580615
16798.816680431188,0.5611273997912116,84.65536210756184,3,1,35713.47612848834,2,4,1,30961.476431431376
41039.97430749014,0.1938023225275129,31.38902589918276,2,1,19096.3353017563,9,5,0,75429.61058853204
41075.329549921495,0.44606019488033133,92.74478969185267,3,0,8074.2350612092705,17,3,0,71878.14373589905
43752.39897326488,0.538900361759138,4.926162796925454,3,0,6273.355784168485,18,2,0,96255.27774118274
45922.30597015415,0.6870018335909253,19.469097152937838,1,0,30679.99306043975,13,5,0,81657.5149732769
27033.092746464077,0.9554779473275832,27.624533953739537,1,0,27470.80162550324,1,5,0,34543.162259798155
26571.265850298383,0.6405859598935203,26.149320442504898,1,0,37883.44742869323,12,0,1,48490.07273771869
40519.873411438435,0.7692345245589038,15.397946845558732,2,0,26957.568970185046,5,4,0,65879.00742119538
33548.30474655496,0.5556394535456824,12.378517133110407,2,0,22854.95213145132,8,0,0,62124.33978766393
35992.443231112054,0.6706936282386982,4.068544968661345,1,0,21710.09737710285,15,0,0,55440.27310567775
40402.25546349675,0.16383899452039608,14.914706569820435,2,1,4243.004422090371,3,1,0,60255.806343315475
44830.25106542562,0.3289524227576623,5.325781552714175,2,0,18771.188479742887,6,5,1,60644.47733256506
18885.772372022184,0.4256677838846249,39.76903918964599,3,0,48872.947403651226,13,4,0,36176.34060966756
20652.39877407737,0.5252440195058622,7.027307967010849,3,0,44057.11208267317,12,0,0,35859.947921770974
7417.151172520843,0.14108387095214536,1.8105088893580263,1,0,18480.76915060823,19,2,1,11817.992398370423
30179.166626820177,0.22602168779798593,24.11338957888153,2,1,30626.384038119493,18,3,0,63757.471355799
4689.286868446878,0.3491328770121752,27.133068423008165,3,0,42822.94704016821,1,6,0,6076.679284484222
24883.10685222563,0.9743794218109456,61.65138110623012,0,1,23739.89382725323,7,4,0,40900.0810938647
28504.297831256103,0.39821230639274574,25.810188942566516,2,1,3844.019596257095,12,1,1,62709.45522876343
16467.438850029368,0.5338369523008742,12.715633223181792,0,1,6501.991705476084,10,4,0,25486.632098157024
30769.163246743505,0.2764879414645537,48.73835593138072,1,0,26988.45790338921,12,5,1,48800.62968616803
4433.511747135323,0.6497020639681914,23.31405788714076,2,0,48563.65065676628,11,1,1,8531.007879840417
4755.364871213078,0.35261489396437684,2.477988463852316,1,0,35580.848484286784,4,3,0,4614.263818119022
41662.22635100394,0.2862933205945841,25.030994192238108,1,1,6333.060997612768,19,2,0,91656.89797220868
19928.960146329355,0.5649153656013812,71.58504908770362,1,1,11899.96116221755,6,0,0,36639.338383461014
8971.844094638585,0.10495521924437874,15.140964207861355,1,1,39252.18773119195,9,4,0,17034.095914758902
27545.433222575804,0.1068976293843028,10.543194501973192,1,1,42547.6687179435,10,1,1,44484.922104986326
39189.69699563471,0.297161928191672,4.6459590488888525,2,0,32031.64555086377,5,3,0,63670.00668700379
13143.58829235163,0.13304922625073903,4.926629736749003,0,0,33287.88897260138,13,0,0,19259.633592675724
32275.852363493013,0.19722317871762224,17.009790917859537,2,0,4331.860168019079,9,6,1,47584.2188338819
7011.330854707096,0.40497458440487644,27.1664460132925,2,1,41940.9222003309,2,3,0,12073.429475241228
5429.040894924561,0.8223271116218316,2.521522542827101,2,1,40048.93478402899,18,2,0,11943.889968834035
27973.667683702955,0.6148437790323708,84.18738779903677,3,0,15174.651772857316,1,0,0,36477.48432594116
28409.850715675006,0.5614009533607748,42.211277836111464,3,0,36307.80583837883,12,0,0,45203.950341765936
32959.20537041571,0.3641399408873095,26.50192472675216,2,1,13098.16650197491,10,6,1,72510.25181491456
37126.29268496509,0.9385783474895347,52.88443417340641,0,0,4895.51756942111,2,0,0,37797.16182538925
48865.04773473913,0.45731353711347256,2.507538782416265,2,0,12453.417501747732,9,1,0,87896.15580164091
27266.116370156178,0.17838349011619437,19.43597367581959,1,1,11395.557207452077,2,0,0,36220.69159074759
18178.95422823856,0.6553598645060211,29.835119977346555,3,1,18874.15584653782,14,3,0,38127.80856607902
40373.75115412907,0.20245455412894126,52.921919728062726,3,1,22667.126367246532,11,1,0,70715.08181566726
15729.115809317489,0.4107008285215229,45.9007242356565,2,0,26901.327900392273,11,0,0,22892.21862895089
23631.656773164897,0.556670744846028,9.73325527441143,2,1,25407.432148891425,17,3,1,48567.095448099404
6687.4499230865,0.8868002722166582,84.84566611193391,0,0,15721.7064803686,4,3,1,8511.915846749347
4191.484940526503,0.5441919223061068,3.983521864566791,0,0,4371.0214229815,13,4,0,8962.959978069739
48244.475489862474,0.7320328894284979,62.415331871474244,1,1,31439.776245146084,7,3,0,80544.41281523043
42291.06566407367,0.9935351550991633,106.15203630485298,2,0,21600.007002825656,16,6,0,93040.34446096208
35710.787686403804,0.21834020790818348,5.8495691004372805,2,1,17037.591397214834,1,5,0,60491.49092836132
22220.788387470686,0.34725837296756756,38.41115503660235,2,1,43746.22901303408,13,2,0,45407.44675036292
11144.833043329752,0.4551184680378818,1.2335836245219927,3,0,38096.93546651351,1,0,0,19650.652127361936
10352.541005541043,0.47964536068494823,15.59714269620034,1,0,43314.98077350479,11,6,0,14285.61294897132
14761.41621373598,0.4699189677389912,21.78767617674504,0,1,26264.191351485668,6,0,0,25701.196893457436
28813.65324118766,0.9168499023008995,26.071140033474773,3,1,9153.768849958542,3,0,1,59118.18744521586
36586.008366902926,0.7426293800201708,82.43676539635644,3,1,35722.4074976998,12,3,0,77790.5389910389
34029.27670573337,0.6471146926816334,33.46518760043957,3,1,12685.467657047237,5,3,1,74777.32451543362
16156.893156459313,0.3784354460765039,19.691612722719533,3,1,23737.79444731069,9,0,0,31215.01266142639
47878.66819117012,0.8414113457991652,49.77066997011134,1,1,6055.03708059776,12,5,0,88145.52101013056
37681.15508470112,0.9595544603364901,90.19337636718306,2,0,41789.494913880175,10,1,1,59513.92715695941
29054.640468035832,0.8390784542952039,0.6693974377272804,0,0,8919.210129232528,19,1,0,59100.094618396666
31750.875073014555,0.10140859467232562,121.40312084789512,0,0,45445.58283131756,5,2,1,30402.07480472168
22721.202934106124,0.6727612331650663,2.702078707779126,3,0,43618.83830629318,5,4,0,47027.23143503425
14643.3565065544,0.14602184329789067,50.522706863364114,3,1,24835.389928644567,9,6,0,26118.83621691594
19730.715896609294,0.3318464983003497,9.86907327559772,1,0,37985.30560228756,17,2,0,32584.06984878327
38618.76719182535,0.15357223031299452,4.253116941720205,3,0,32113.918469453205,10,0,0,78239.06593198881
3676.493965598526,0.643415907654449,17.386822267464215,0,1,40744.55518987401,1,6,1,7977.5252164229805
8455.414103825064,0.7179309221433461,30.981077631713916,0,0,23294.839736937865,16,0,1,14272.09662150771
5162.12417502238,0.2030388742593146,14.387166435928542,2,1,39932.99875948445,15,0,1,10309.475560938477
4914.253708991597,0.44545499474048156,1.683317153644456,2,1,24735.470402061954,17,4,0,10811.358159781514
43206.64744851734,0.5106128580599878,27.448334628436093,0,1,47225.39202861131,13,3,0,64149.806751610595
36071.91939086111,0.4321477195848249,69.80734058502594,0,1,25859.488738781936,1,4,0,45323.38410497459
25286.169967104284,0.20892250043667376,14.49706108227534,1,1,24743.10578088529,8,2,0,48483.20448681822
7598.205550597069,0.4770530111687279,7.313124300141627,1,0,39898.377493485095,5,3,1,10611.899452855228
26105.94613049112,0.7760602430275763,17.53294567115896,0,0,41614.15151275938,6,3,0,40866.89829737242
25253.173226686587,0.16390689807992992,1.487139473704556,3,0,29060.988373095024,14,2,0,44109.20824619629
11140.487885770714,0.17216201267371312,51.52532718614813,2,1,11450.497234268543,11,3,0,21289.09026788781
23391.027514184734,0.41929416265238584,52.519817523558395,0,0,24984.636855006236,6,6,1,29369.41908039513
21729.722516676553,0.9475531404570325,26.601991633873155,3,0,48499.407636754884,11,1,1,39370.560886287865
31944.954608454173,0.7017153820506227,13.067040652838708,0,0,38390.3510728417,13,2,0,46141.7305029425
32849.401590779264,0.7108029610053083,48.25065962630344,2,0,41124.642382319216,12,2,0,52641.14157638419
5129.288459286092,0.4257279917540785,24.269337868311723,2,1,4542.798444504286,2,1,0,5510.54098303343
20606.792887444146,0.6342947120876846,52.449330722967794,1,0,24989.394743805515,3,4,0,31066.880852710798
32415.41603856911,0.10911806562496905,29.946082465916422,1,1,33391.1932819051,4,4,1,51637.18990767971
26647.40415326412,0.672486441768588,46.03067478686085,1,1,42011.53613051951,17,4,0,48230.25807565368
43255.022535851145,0.9219582528186131,27.38113957781685,1,0,5315.861718390259,6,3,0,61862.17193207755
33958.600686090416,0.6513161215103372,16.040287473866357,2,1,43064.62762516803,7,1,0,67263.04873640886
10657.918072827197,0.8863287341197106,95.06392324295844,3,1,28774.84402686985,15,6,0,23447.419760219836
6316.731127820203,0.7515757499194844,23.368592524809877,3,1,12273.756617074816,11,2,1,13896.808481204449
33193.706075696835,0.20850257476332124,27.872885069455485,3,1,17910.9951731359,3,2,0,67716.71764013731
4246.031595456225,0.9122079765572575,7.472602006232172,0,1,16250.688932323355,6,2,0,7658.187060554369
30531.452319852775,0.1597994599201974,29.476985973069432,1,1,27950.374611558364,2,3,1,41906.70666324938
47190.821346973,0.5805707252929874,25.431473895116177,1,1,5429.226955823196,14,3,0,92267.95945969853
30047.286360166312,0.2279234114141119,6.131067020085478,2,0,10451.199449496406,9,5,1,47057.75544157977
21243.98653170653,0.11053594965781366,1.8430872608623967,2,0,41196.57303866177,18,6,0,32453.30422915402
33234.546266790596,0.47983083411487515,27.817465579705264,0,1,9232.38756510012,19,4,0,53093.53475734116
24537.88585310128,0.3655366368887406,43.27861139764864,0,1,13969.624664531968,12,5,0,35307.374357876884
28643.989097848942,0.5374004444178427,22.232417723522754,3,0,24308.418463395396,13,5,0,58294.743163509025
47248.84601249668,0.6194798980610957,7.71546383630742,2,0,27304.68174132653,12,3,0,83939.16104255643
21146.82397663639,0.13936516507805263,32.945349387849284,1,0,38889.69254186546,12,4,0,26007.057581998866
48175.956499723965,0.21070296561137108,2.5048960731214476,3,0,24024.624053310825,18,4,0,105987.10429939273
45551.48017193499,0.6027781568053828,17.49295022795412,1,1,40123.63718867032,9,2,0,96722.23371984133
12202.183335096932,0.40885061785539245,5.35108459798341,3,1,32062.2764311365,17,3,0,26844.803337213252
6259.981141132776,0.7562561387945032,6.117109346673361,1,0,8315.687752919655,16,4,1,9499.565858245029
7736.566064739052,0.6870624837327457,6.780453202009981,0,0,10347.577604463413,17,5,0,11559.079019106497
3856.4258056228373,0.8610439266909161,14.667377192751841,3,0,23540.585096139228,8,1,0,8484.136772370242
7438.819155528635,0.7232435440023027,1.5751431206107032,1,0,21653.80147518486,11,1,1,10692.38357524481
35101.31835056877,0.48693796965113334,15.214643134372777,1,1,37946.58067295285,2,3,0,58967.7246126332
6345.866477630762,0.7056699601549892,21.5052167740826,2,0,30294.64557047554,8,2,0,13041.001332487434
17991.85462380678,0.3478430568298767,19.808453493247704,3,0,21242.254807105717,12,2,0,37224.97775448547
42709.13961556437,0.3756821489003914,14.476091939231589,1,0,11025.733322168126,1,4,0,47500.81410077355
4093.7809795838157,0.810086643928714,54.81785813967444,2,1,13661.343809298272,13,6,0,9006.318155084395
41280.01868167998,0.501777564761424,4.711079383831693,1,1,30048.54786804577,17,3,1,78790.02961766852
16247.174414349796,0.8185423064665173,21.138182134673052,3,1,22901.623830290246,14,6,1,35743.78371156955
8553.746898217843,0.8401801363014506,1.9214845646597114,0,0,27201.592916451587,14,1,0,18351.308285564297
35746.646772115084,0.8718061038951553,2.214423931317649,3,0,11021.839459204983,16,5,0,78642.6228986532
32560.313798654548,0.9249717122570866,25.590032262727473,3,0,34156.593860194596,17,4,0,71632.69035704002
44241.18463577149,0.48788669846196664,25.042595983244635,1,1,43069.32082023045,6,5,1,85729.54320794527
37548.33905878263,0.38698013648902496,63.12026902292862,1,1,15123.156818984327,7,6,0,64578.7243197644
40763.60372808788,0.6239788719347025,24.48478908191744,3,0,26101.168614095848,1,4,0,73580.99810133324
16255.624910851404,0.4340551810938649,96.40994805862566,2,0,48849.78446398238,15,0,0,28343.515271729477
11339.658557646973,0.6409667501202096,1.4976118037375779,2,1,18662.361805884197,18,5,0,24947.248826823343
38278.89332712034,0.7350272763794421,3.094478360051388,2,0,30967.178211416776,13,3,0,65642.47554192627
40921.23274556141,0.7195645166429232,1.3519878348001517,1,0,7239.197909411485,2,5,0,59806.386096021895
49553.74167403165,0.43709759831810924,6.147207513330615,1,0,31482.70511653383,19,5,1,87197.95485356948
22393.030814837046,0.25017418152887755,23.378811574177824,3,1,7212.693345317042,15,4,0,49264.66779264151
20484.85003226081,0.48747640461598685,31.11751705464509,0,0,48084.06546021964,12,1,0,30672.61571371433
39491.40915487385,0.22833472967371787,1.3997057140189313,1,0,36636.144647398636,15,6,1,63628.105247625004
19017.76639189184,0.9010873316654275,87.54696902202865,3,0,40043.5100423782,18,0,0,41839.08606216205
46745.59430336754,0.4112897146640717,55.38622445327623,3,0,36092.90495626693,14,5,0,102840.30746740861
43345.39933662156,0.23901377250099143,10.555419136813793,0,1,30717.26469559389,6,6,0,72480.0609311378
23162.719286625863,0.12290298391517579,2.409877193958568,2,1,24145.900711018752,12,6,0,50957.9824305769
38290.94018620038,0.6812401476578358,5.585805932512178,3,1,43343.54884876993,6,1,0,84240.06840964084
38463.51508198007,0.6732120857092689,4.072681574845118,3,0,47971.276374523964,9,2,1,84175.57334424001
7846.8218352888325,0.40654374992316256,3.9471575568430173,3,1,26454.70012649182,4,0,1,17263.008037635434
45419.98661393963,0.1645406999628859,21.92931520912718,2,0,46782.14731029731,17,0,0,78167.73724510141
26746.861505049284,0.4686660054057088,8.464818015891282,2,1,30416.646769460323,2,6,0,51911.09943348366
41843.500907063855,0.3800957455570543,13.301538779064087,0,0,28304.05678413236,16,4,0,74037.24621332175
18042.33124843875,0.7094085757615084,136.70664276685852,1,1,24360.688448901765,14,5,0,36719.47251247904
45089.591739321426,0.6452013245074213,34.590240564653364,2,1,12836.524791915634,8,2,0,88944.92991212555
21292.478900505666,0.428134355377786,89.26651921739281,1,1,3174.824058448782,14,4,0,34773.73528208333
3509.369619574023,0.2961032988294911,4.614001665253532,1,0,14350.79266223488,2,3,0,7452.6244650913795
45552.95289170539,0.9892323695400327,14.444776032810866,2,0,26956.989065367565,16,1,0,100216.49636175187
7290.473808948277,0.5086014590765034,24.272354673209662,3,0,20858.11775620837,4,1,0,12680.235305761893
18007.7409667495,0.7194468122022133,2.3959187208937385,0,1,24078.80571612379,1,4,0,25368.00555094821
47652.912451387834,0.22649767082052472,0.12588706566955005,1,0,49090.46631951033,14,6,0,79745.18727062766
47678.53590606514,0.537030729693458,33.299389633375895,3,0,19462.801421458396,8,1,1,82204.85237507094
29951.58074179445,0.12478304788251894,30.801548298182404,2,0,24252.59814992507,3,5,0,36087.90186774794
32696.348971980566,0.554909606119405,15.869118081599563,1,0,9275.23091358252,5,1,1,45738.79293826957
24076.93953298103,0.9676156664059321,20.17940719627716,1,0,5254.01342453842,6,5,1,48158.08639379926
16780.906269809035,0.44578604168722025,16.107029537711185,1,0,39444.24718584725,8,3,1,23849.07855988053
18447.23363238605,0.13509641131742045,0.728935844425652,3,1,29822.109228382997,6,2,0,35315.31303786002
34608.36743562081,0.12786021182740917,12.255816025763554,3,1,38753.12588406307,6,0,1,67230.78624680366
38361.60288357096,0.44918808395218257,5.846970873141252,3,0,10043.551547667927,4,4,0,70744.79708522567
40204.21505511488,0.24402244281687466,3.1083343709888274,1,1,29875.952245586475,7,4,0,57972.2806888652
40112.05271134403,0.12101688669536732,94.2022400899195,1,1,14921.19629404465,19,5,0,71399.1854701408
7286.686843288448,0.7805922525551592,27.44073972642546,0,0,13718.905394300937,7,3,0,10982.573533715908
26237.75432102133,0.5126707079937016,39.13106813686524,0,0,3541.722660490307,3,3,0,35192.04942396095
5705.261720782281,0.36032029477538907,11.366027814722242,3,1,9126.01400774638,8,6,0,12551.57578572102
28827.85746921557,0.9100748647148327,14.984067158013909,3,0,17535.60124048568,1,0,0,47203.28662082417
23751.93356454872,0.20452506418047306,8.111929135339537,2,1,8493.301747774134,1,2,0,30602.66975660381
44722.09658964009,0.9603269460597873,3.0598412891454343,3,1,49335.34669931406,14,4,0,98388.6124972082
19493.005589947697,0.3825700456396176,5.918121165715059,0,1,17505.73448062568,6,5,0,31880.488819225393
8502.149772097477,0.8995633050778131,47.912542629895285,0,0,9125.225495009425,10,3,1,11084.923570657513
9720.609056483285,0.6426485888315154,33.953825532340474,0,1,12356.868702914015,14,4,0,18287.440736487126
38790.9996907212,0.8440366237673387,23.751184775063447,1,0,30622.051732049396,4,5,0,59236.691280099716
32056.24897586427,0.9856118468894178,19.335846523724136,1,0,6010.04562164506,6,1,1,54555.76773649268
7752.765777771141,0.3595648940368712,76.69889247322583,3,0,43534.404116634374,16,4,0,16640.67235948446
6953.019887404879,0.9650219368668337,2.2654748867583256,2,0,48190.48492414592,1,2,0,9850.214449694284
35945.549178578636,0.4505337054121783,9.880166344811718,2,0,14597.1287713669,6,5,1,60770.55209583479
6419.861299117096,0.44696071426323014,12.920619323147383,2,1,24154.477623770388,9,2,1,12091.93941480941
41627.42278664674,0.4063483938290552,45.756461800138375,1,0,4040.3191983863626,15,4,0,60862.82475228309
36193.38467635532,0.5872668466128267,146.84410547503478,0,0,33113.38056217941,12,1,0,46615.097719448306
6823.3926901692885,0.23873053886063839,8.259584741348595,0,0,22454.524728471675,3,2,1,5810.541351263757
6987.37256200402,0.5983403368222101,62.21746534335586,1,0,15692.747906773118,11,3,0,10931.347330702385
49372.060189555246,0.5875343311690037,53.26880594677977,2,0,12721.344198980598,15,5,0,97670.43505878819
20590.727400537657,0.785711631344383,7.63350839258566,2,1,33739.08464996174,3,4,0,39693.0671244246
20420.180912143875,0.850284965743827,15.291416269571293,3,0,22562.20045851878,14,1,0,42758.982744662135
41201.57966110262,0.49639721528118164,15.812353107349011,3,0,11443.986584405864,2,3,1,65640.09665947476
47520.68313704136,0.37209992441634443,114.80381569393204,2,1,35388.126829880726,4,4,1,62146.231318923914
49342.049999674935,0.33340140758538506,5.98617645871308,1,0,29558.397302724603,19,6,1,97648.69906637247
38408.774707170254,0.2751614530343848,48.15709817457502,2,1,43357.58658168632,12,1,0,69222.97314051772
20684.20051995304,0.1518828239791224,12.202650328046854,3,1,8521.367247195167,2,3,0,36687.51236077003
6924.533684837432,0.408203180951242,39.37686088607978,2,1,39926.33029138944,17,2,1,15233.97410664235
39525.90504858953,0.34322292291770495,16.342384456356505,1,1,34655.28898041118,3,4,0,59522.20953881768
29244.99973758284,0.9697756472797666,25.908085433424606,0,0,8405.514030920596,10,4,1,44156.69420195936
22938.434434607887,0.6019379436250395,53.6231836170793,1,0,35656.574303970876,16,2,1,36041.91529096909
45598.65609945259,0.41254933512745684,48.91457088100643,1,1,23752.72257735203,9,6,0,90316.0210328495
8226.281668389114,0.6224208408943264,60.39235687279047,3,1,47414.28492112463,11,0,0,18097.819670456054
26153.37990167038,0.22527703121112597,1.844051575917665,1,0,9655.733479041268,15,3,0,39980.09200621698
3533.621304068696,0.4996393742819827,35.33458928177468,1,1,33213.16936833969,3,2,1,6144.529935919116
25027.050173723936,0.6636108892789574,4.524246348353985,3,1,20953.06213675846,16,4,0,55059.51038219266
5646.253957046356,0.5400080486132063,16.12631019602592,3,1,47970.289517771256,12,3,1,12421.758705501985
8584.442064599381,0.4616009205888918,23.861272513504698,0,0,18508.820078642995,5,6,0,9837.454019588853
8523.73359852393,0.9944635500097283,15.462056604436617,2,1,48222.73774611461,7,3,0,18752.213916752647
33512.88419945499,0.8922832859340343,21.99481480222948,1,0,45369.835001735206,9,0,0,57178.570249316756
38064.10932547489,0.6610653623434961,169.87612510816336,3,0,15708.012059600847,18,4,0,83741.04051604477
30418.3319595665,0.6124396250640545,4.358311000187264,0,0,40766.4635108421,8,1,1,48717.45200904033
48222.10977830347,0.6585944318421256,33.76002895506859,2,1,49793.39748476478,12,0,0,106088.64151226764
20618.917237614092,0.28118089704018995,15.125480430743588,3,1,14875.16110205027,2,0,0,36468.58028205992
16428.468055247453,0.4556239689378868,4.281828130501255,2,0,23528.526958196024,10,1,1,25404.9532877394
43824.159024904635,0.1355135796018094,5.185519910209593,2,0,27448.494618637706,19,1,0,77259.16405062863
13509.004410414274,0.5279914337381441,89.43897180656502,1,0,16861.763382781624,9,6,0,17574.079877896926
48271.459353708735,0.5887221255618968,63.50844532036494,1,1,3717.4474633633986,8,6,0,81890.69975354926
3571.260310421368,0.30497476249288863,71.26821224708334,3,1,13346.074477283753,1,0,0,3819.1401751884905
48584.30485525903,0.9676259624489624,143.14657645903537,2,0,16251.033564062647,6,3,0,76337.96017297808
5028.515861677077,0.9185091498435178,7.007765585578792,3,0,23849.185961954798,12,2,1,8005.187333231065
44883.72634380934,0.7499289119103153,13.175590124096516,3,1,11041.816485429888,19,2,0,98744.19795638057
27801.952127056094,0.5800479658888263,33.18896533400959,2,0,44042.95476450861,17,0,0,48898.33844511585
49669.34541760712,0.8829722436829165,19.83797736039572,3,1,36130.823238372795,2,3,0,98006.81098461308
6468.4385425637465,0.21758710944111664,16.2586307001052,2,1,7004.422445304113,11,1,0,11840.442662277652
29031.151366862076,0.8114588148473965,13.286190430582806,2,0,33554.34520357678,18,5,0,55401.00155453266
48557.21917409765,0.21233873257016347,27.025858496640023,2,0,33721.85439106416,11,0,0,74991.25465972803
27585.598675996993,0.8147895962944649,25.711901654377414,2,1,47942.395161250504,18,4,1,60688.31708719339
32581.73599235734,0.34819081142622127,5.282712349255327,0,1,3141.9809537395786,8,3,0,52281.36976810346
35700.188382277,0.8893815229163701,19.144991539672784,2,1,14652.825140872937,15,4,0,78540.41444100942
24363.43004408534,0.949637884442858,24.187580084615323,1,1,46606.199530639824,9,4,0,48731.43270716771
32495.22976395098,0.2339163724646041,25.339127772395408,1,1,46810.2940237193,15,0,1,51957.62995996609
30462.77266038571,0.5164080445588541,7.075740898747201,1,0,36867.561710419955,7,3,0,53584.525052990604
45354.426493076484,0.9828886403464165,40.67544466975742,2,1,38990.87608923438,13,4,0,99779.73828476827
5135.97987604852,0.5350666923758319,0.7656608595717816,1,1,7299.699022693414,13,6,0,11299.155727306745
16205.269910834824,0.8771927702630906,13.14732921238472,0,1,27152.16423457698,1,6,0,25386.862719464196
47669.33975159826,0.6298583699181879,45.45284352979363,3,0,13884.40059058297,4,3,0,76191.63580368424
44842.39784287307,0.4377969171276417,24.89602415630167,2,0,11517.248049840011,4,2,1,61668.74192562883
24415.867380928506,0.35720519997328315,9.080315478427137,1,1,41084.25505879663,4,5,0,35156.08182450294
32146.232096672225,0.2829007819774786,35.618694213434175,0,1,9346.79242398573,13,4,0,56218.68113843215
16036.915600113236,0.7856183722399275,25.137624964648303,3,0,25026.626938830104,2,4,0,26090.387379666732
11841.694507016782,0.4478864561407251,47.72490488165388,0,0,47113.177260543554,15,3,0,21812.605657774828
24793.82503217916,0.560147915980676,39.84361499215386,1,0,11734.1066115711,4,6,0,31374.1669735323
19607.554717224484,0.5430929320010638,28.256559039695958,0,0,48965.69091569703,6,5,1,21352.67326975977
30431.837256990988,0.6195511263098181,20.093332087804875,3,1,49731.53533076977,3,2,1,58512.692992390716
6653.527937354287,0.879019431062097,4.287791654257014,1,0,29114.006270072936,7,4,1,10372.960912836823
48796.55596030982,0.9826654092250865,9.087242781980708,3,1,10996.708788326421,6,0,1,104055.44153245672
49351.904990541334,0.46682578771643524,16.295272398851445,0,1,17856.929733222096,3,6,0,72435.97633582607
35813.600558928025,0.8447670298956728,27.436214459144722,2,0,22951.163135797153,4,3,0,56202.152382214765
28196.52921817366,0.7880750151892458,21.62837144178932,2,0,17538.23854483648,10,3,0,53690.141359097885
17547.797965457405,0.6161760563100159,10.198097004986534,2,0,16189.872254196242,9,6,0,25982.564436656863
41248.36592622659,0.9604424292507397,0.19456026700140905,2,0,48694.79633316881,6,4,1,63910.77564346155
35182.365110032326,0.2804270639755625,20.569613106592065,3,1,10208.146888540046,11,2,1,65303.45391030694
10642.996149209892,0.19833778927865928,10.090458847445488,2,1,37466.411709692526,7,4,1,20736.827839629772
45813.577671210594,0.8685657702598799,39.79645301399172,3,1,3019.283603641219,18,6,0,100789.87087666332
41659.25041738894,0.49523483497037346,0.7271291402775109,1,0,31020.585461911713,4,1,0,52340.385299347916
47640.59592472043,0.8622719687863544,26.37185796863005,2,1,46049.32118584046,5,4,0,104809.31103438495
37108.816894252916,0.9037811846758734,85.14864711520269,3,0,16532.902422381296,4,5,0,66282.30000675053
31830.514208982124,0.1562118342571643,5.749683270505271,2,1,11719.720837112802,4,6,0,56773.24567322918
22657.422705659086,0.8951182866874546,19.139861167409034,2,0,33628.95035928607,13,5,0,40053.87530221711
46838.238717638626,0.50348714983248,2.876235900564198,2,1,36492.26614302448,16,6,1,103044.12517880498
43705.002806519195,0.559389240103809,29.47948023193429,3,1,35337.43439074312,14,1,1,88541.95189605512
5125.277494990902,0.6639332599838892,23.99069721569761,0,0,18007.89336100458,11,5,0,7263.21685753584
4239.247801370844,0.9337443460570781,15.695324051138007,2,1,14853.512901488552,2,5,0,8004.985137525515
20693.77824326833,0.11720448498678764,22.10526278087397,2,1,47928.18359821608,14,0,0,38826.804121982306
41096.006546746146,0.5291591214860354,68.06715793292646,1,0,46395.076888686686,7,3,0,54161.785415904276
49401.97807780239,0.7189498381875046,6.55566373396639,0,0,24493.880664962555,11,5,1,78696.4684672011
10069.593881865825,0.7504362619284056,0.6846895779000248,3,0,42771.11170925555,4,3,0,20924.533171263258
30924.143621550353,0.7232791883833972,59.34228497427812,1,0,24259.203448811913,7,6,0,47985.67302758742
20901.870261658012,0.2209916164673097,25.819797862937072,2,0,22946.283849407988,16,2,0,39561.25594330662
48585.97669728635,0.3694560295345132,66.39836578809013,1,1,10367.858537166849,6,4,0,80209.31422727648
42579.589387378306,0.42284397287531217,27.260484126610145,1,0,23041.084655122722,6,0,1,54378.12800861355
42401.44912142348,0.8239934869115545,49.84738225008126,2,1,28258.59611419093,2,6,0,89683.83535804013
25028.578510363604,0.35088388517309776,16.84638106610321,0,1,4057.703389148264,8,1,1,40251.59000046536
22496.516609870265,0.2896344674804828,41.57202729504952,0,0,23873.3112432441,7,2,0,26189.048721956427
15850.132380743193,0.9617032171342865,73.26971714610181,1,1,39723.742264574415,14,0,1,34753.4287756122
5649.648342593575,0.10797695660212202,25.467582692844193,2,1,34962.16464959068,9,0,0,9726.31153525497
43641.9516839875,0.9980387701137804,5.982266943188207,3,0,32852.37847660495,15,6,0,96012.29370477251
41206.347429113644,0.7091391689716561,9.39194991381983,1,1,45749.10513654852,18,1,0,83272.38046420686
49986.73064444814,0.8456223695042053,6.64352118321884,3,0,3847.5044617858102,12,1,0,107216.35556975967
49841.93134247355,0.36515745671157385,8.505005964436556,1,0,29181.236551035006,19,3,1,96831.47187844798
29105.29016332349,0.11288374990035399,10.97646383744212,1,0,40005.39587525623,13,4,0,43382.872430974916
39142.40851348399,0.764082566705377,24.29945059223007,2,1,28442.762986959562,7,6,1,86113.29872966479
47403.98930447412,0.8507301373006082,26.601348390109123,2,1,18223.090971277823,10,2,0,104288.77646984307
42933.42736183834,0.7664285187581672,16.67990705051126,3,1,9403.77655932296,10,4,1,94453.54019604436
14625.36078193029,0.22856525857075474,28.66816430947423,3,1,44715.46437536099,2,2,0,29199.8905658228
24175.574359574395,0.7780851300312722,2.5528485461130663,0,0,25125.83244221734,14,0,1,41211.17654409609
9070.492512120265,0.7920305038968769,2.7564935895904514,2,1,44271.41425832797,13,5,1,19130.534458450227
47840.39828115995,0.6926864641030493,5.656085401598715,1,0,30535.04975435891,6,5,0,78784.84742737643
31490.20781919136,0.7895043395160276,21.899158865243656,1,1,34687.02948090504,9,6,0,69081.55037284522
13746.211858662748,0.861329295709959,7.223751494157624,0,1,40800.27425578715,13,1,0,30241.666089058046
34569.93216707527,0.6522437028137126,9.992285239881342,2,1,33980.31059620631,9,1,0,75073.48343428047
32052.027301521102,0.17974424257271115,15.340414600817024,1,1,21708.577511910073,13,0,0,57591.64345720994
19833.647747543502,0.5388650287004898,50.11804389755483,0,1,27140.769044646597,5,0,0,28602.83388676075
8337.206833382563,0.16988440120444456,0.4187733769271288,0,0,40743.139659766355,14,2,1,15331.505002691752
34563.940192861584,0.4667887279291878,31.44146694810153,1,1,20561.563929530257,5,0,1,55213.703208821025
27454.461942478287,0.4663958402130649,33.157918654650665,1,1,21241.708468119363,9,6,1,40774.95999941448
39298.96441157505,0.15940885972621743,48.082179003027335,3,1,7497.435454726055,8,2,0,71979.35638615773
27447.68455226369,0.41393848057253135,80.98145894862886,2,1,45985.46845542214,7,4,1,49931.42215352615
43052.53051497138,0.19989828891218336,0.6103013821357929,3,0,7278.706802435761,8,1,0,76631.71690067407
28939.62142240082,0.8274116890083,5.009408544334569,0,1,33465.83134008213,3,1,0,43454.80498375415
29364.084662163154,0.9529192233680237,65.19181620092253,1,0,22420.14050373149,15,5,0,46719.80034416286
44202.71932494221,0.16508482773214475,18.403394769871042,3,1,22064.11134200579,8,5,1,89505.27198774036
21963.694711982662,0.9596036865625313,24.944058914690007,0,0,34938.936318916145,1,6,1,27177.685946715796
9298.715737180115,0.5703189394030707,32.63259225306469,2,0,6153.4054336043,7,1,0,14850.535880946067
4352.785786726932,0.3696091101584865,34.09565004065692,1,0,30904.171798717427,19,6,1,5285.630491865647
38491.451016660096,0.16917586774854715,80.533117321641,3,0,39285.493940700675,2,4,0,56714.62313666251
32154.548913612838,0.550561841263376,173.772680821082,2,0,41925.99962066993,14,4,1,56372.270136560364
36091.74910066351,0.8150639900416738,38.20584583393458,3,1,11014.92830150744,18,3,0,79401.84802145972
13009.315590918804,0.7363778295400283,10.15752474136102,0,0,45178.695353674164,15,2,0,18823.024483957746
9409.459352578178,0.1452034103175764,63.54607043086675,2,1,33838.86631682978,14,5,0,18565.039189986153
3683.5992863904507,0.16561165183111315,1.5142062156146858,3,0,44447.175638572095,19,2,0,8103.918430058992
19477.61526391006,0.46258595436937344,7.8830836584914525,2,0,25808.193704179317,19,5,0,42850.75358060213
30726.131282167757,0.36576144464314897,68.30334449781142,0,1,28475.567219568497,17,3,0,46563.04556088612
21435.47011968742,0.3091458907504431,8.8791506749807,2,0,46194.79902034754,19,1,0,42055.5866953736
23561.321335115266,0.3529040490178422,7.478891990113235,3,0,45295.74853766958,16,6,1,51834.90693725359
45495.458641206176,0.8231344689671961,4.459361116615267,0,0,24063.561048343094,19,2,1,70785.7703829775
19368.006950095114,0.9363052482686685,58.793649309247535,1,0,15897.393686877042,1,5,0,25707.910169507664
27157.50599051111,0.4645924250748098,20.79791117192738,3,1,21479.010424520417,19,2,1,59746.51317912444
39831.69159883373,0.9154999019192473,33.70804633932918,3,0,21224.923440898237,7,1,0,67027.17937808576
21637.5107690997,0.3893461311230938,8.196274728382079,0,0,16482.743124191315,11,6,1,25117.890175450488
32238.074910710053,0.5287932877094125,42.56953787244935,0,1,15623.241403649428,5,0,0,45437.71903170526
43531.094311097026,0.3034260980343998,42.81418379747373,1,1,43469.95801454681,17,5,0,76972.97590891353
47627.46931190918,0.6764284379582596,11.245081238758367,3,0,6283.510272179099,11,0,0,81696.40437970754
9912.453603664784,0.981083003657328,15.863712510950311,0,0,34847.725558680926,8,3,1,9914.631554417567
46549.61838259023,0.6431437864390408,7.059910694048752,1,1,11122.542418453257,10,6,0,81703.66719007466
26129.465774738295,0.42203267570219405,112.60064917040445,1,0,19191.77698952097,12,4,1,35334.710135756846
15137.486250051043,0.6830357013914755,31.120089956614894,0,1,5892.522604337332,10,2,0,22774.957959488638
24579.38054319828,0.2106286106188488,81.79125886306217,3,0,15688.760932206716,13,5,0,42058.707306588294
49061.53103841742,0.8997931722388588,10.845695055242482,2,1,39115.79034251038,18,2,0,107935.36828451834
26153.050417664872,0.5527755557018528,45.68279826762267,2,1,44595.720253721156,10,3,1,55623.936940874024
18451.325683512885,0.5044147678356778,43.55490780144816,1,1,13411.776139411251,19,3,0,39474.93798750888
32769.840152886114,0.6272783096081672,35.29614321299446,2,0,24786.748445169327,17,2,1,52237.901806575814
14286.844082575075,0.6623054765104622,101.12497076629737,2,0,25105.2302530487,16,5,0,28249.360300014036
6565.576421107204,0.16459822560386173,15.004253795642143,0,0,44058.039370707505,5,6,1,7822.606956061402
9057.346929800515,0.7143554991010621,4.202607519060347,1,0,38851.555485162855,3,1,0,12903.176901680514
9018.154431015304,0.31773851228397665,33.41563320142599,3,1,27114.629263298342,15,6,0,19839.93974823367
10139.426595077835,0.7425573692559309,39.203408616547584,1,1,34525.11842217335,2,1,0,17409.478677601084
9524.877114522276,0.8402813149457771,25.674259380027944,0,1,42825.68753374024,13,4,0,16655.570713446552
33121.11300575109,0.8235626567972683,6.951073222561503,2,0,3448.3308392006124,8,6,0,53415.71379556603
11548.363966759807,0.5972508706671003,21.06297036754374,3,0,21935.831459352285,17,2,1,24975.06010467197
19246.36231622157,0.568152903079676,11.227267769401575,1,0,45640.428862022694,4,2,0,24300.979202141414
45149.05526558256,0.22858836520547055,16.73052237535294,2,1,37794.71244966571,19,5,0,99327.92158428163
25276.197092355,0.797811535362822,31.087601572096784,1,0,28513.544593701507,9,2,0,39990.033632932515
34375.21371048828,0.3442684424020429,41.0200265043664,3,0,27893.29277065127,15,5,0,67933.95066811604
11099.033946476602,0.5470258805361519,7.927744647543543,1,1,19345.194587408576,9,2,0,23520.52219977595
12037.583884007527,0.355846683634765,15.59222542849026,1,1,27464.465081151182,9,3,0,24764.710905195927
4920.824964524507,0.22044552669972384,9.406886130324983,1,0,33803.0103747823,14,0,1,8544.228848271841
10939.947964391733,0.666601927202563,6.643035895530636,2,1,22663.062806153273,16,2,0,24067.885521661814
16093.745934502056,0.14889883134061346,45.88931830099639,3,0,36565.19788043218,17,0,1,31821.355620849215
11319.4927610071,0.77378071071358,71.9902949113114,3,1,43477.91468123814,13,1,0,24902.884074215624
7169.019086581614,0.385828115735005,13.872122286990038,2,1,10270.187864688476,9,4,0,15771.841990479552
8669.885941728238,0.1001212237040368,41.74269565781592,2,1,24222.710072418948,15,6,0,19073.749071802125
24656.60209753811,0.5600162253135068,68.18941672416533,2,0,22176.944290398813,7,6,1,32636.789089953927
12697.684765072248,0.14216671767484282,56.14828691697517,0,0,35310.84579033722,1,1,0,11928.215496286817
20120.683469259548,0.34855260203880956,6.056633988094838,1,0,14743.77086712268,1,2,1,27627.074168397732
26660.611730178272,0.7362788387101445,93.90664249226555,1,1,33091.79300275698,5,6,0,51562.56759242275
35448.556945580174,0.15642065945967928,14.180686132737197,3,1,44241.99436137993,9,5,1,60842.21864609789
4847.67057253165,0.8554046431204021,12.43096775766004,1,1,22652.185190300268,12,1,0,8728.812558588872
40572.288748725005,0.10343793039272481,1.9339581874975988,0,1,45817.73789902334,6,3,0,68820.78215118014
32511.318306072666,0.322141482281712,19.976097571910934,2,0,49678.695729873485,13,0,0,55320.561918494896
6842.674501596979,0.7668136505368643,3.4627839879311497,3,0,7986.326347553747,8,5,0,15053.883903513355
44058.19533301853,0.3846431347563761,8.572111793573066,3,0,13953.499835288356,15,6,0,83881.38087420753
46281.00282499522,0.19170314925941218,11.435292414432386,1,1,47667.84831965838,6,5,0,88278.22150841354
5870.664113178596,0.4242105269203851,49.637188890259296,3,1,48041.40126462518,6,2,1,9453.570118940734
16013.249462918575,0.343353957746073,62.50075217260762,2,0,7592.24194317765,4,3,0,23057.983849000448
40891.46015027388,0.8584407119444994,10.806134282242136,3,1,3704.929517725424,11,0,0,89961.21233060255
38168.20544803194,0.38201312582662883,58.70570079489912,2,0,10571.701093051846,18,3,0,82274.75286983392
11672.487909749734,0.8100392245984065,58.395807023883336,0,1,49812.60081896567,3,1,0,15658.327348635266
12839.418196825383,0.9026849303296612,43.40056647959354,0,1,11459.981980702283,3,2,0,23467.554761511212
20412.18883119495,0.49043567761887663,4.759151024065824,2,0,26619.73751593509,12,5,0,37290.05277776242
25772.580303978004,0.9189488294689528,35.166748973859875,1,0,42875.63314223402,6,5,1,47339.43917570825
32057.97426192391,0.43958624856687356,87.02579181977383,3,1,3958.875702345698,6,1,0,64705.06235130885
20338.941059779303,0.9676705748410973,34.422148828716956,1,0,31410.982166147594,8,5,0,36871.8900691006
24739.13165825795,0.18036057207301565,12.08681072097797,3,0,16020.196096872343,15,4,0,54426.08964816749
38131.13409228656,0.7183173398529185,20.82919461473682,0,1,43529.741072667384,18,2,0,75141.00107463484
4724.110535858101,0.5444326364112358,31.130458609102675,0,1,16322.674015411721,16,1,0,9876.649748975926
14864.536384168976,0.44888392491008233,21.43543996240333,0,1,35277.51885324972,6,2,0,23392.201337165494
36527.430536573964,0.6694406908737408,3.8333969290176593,3,0,34688.322725027654,17,0,0,80360.34718046273
45074.72137129837,0.733471382470898,11.221786006163146,0,1,13410.196796403081,9,2,0,81430.03174655863
27048.839779436308,0.10392694268527819,48.64471216736409,0,1,4635.562393812455,19,2,1,37252.00781671245
28009.333807469837,0.2502577798724789,59.28880210238411,0,1,22234.72996791367,18,0,0,48629.96530321806
8037.084532969475,0.7417414455708868,4.430649324657211,0,1,16592.078142395876,5,1,0,13320.832418313457
24028.38124070237,0.6997468722203858,91.33932736544723,1,1,41021.954231844305,6,2,0,35115.719177907355
28033.01152338609,0.9694427546158095,11.96165466077865,0,0,40617.116857401226,12,3,0,51609.31907130642
14396.113670832294,0.7849340112257047,32.56914106979683,0,1,24480.1257530534,11,2,1,26019.00150995922
15654.431854620905,0.9556954369582042,41.80865173879575,1,1,31506.07459019129,16,1,0,33122.9279192319
20732.355665917265,0.7322864513813263,50.13082113209024,1,0,31400.19725138548,17,5,0,38926.40065782558
3943.3462955531395,0.3682469877754988,87.42440392961056,3,1,41876.432976098295,9,6,1,4917.555698620667
18137.72078240938,0.19482843002577083,11.259116621971268,2,1,22975.113463790283,1,0,0,26248.639848291095
12938.056328837598,0.803641477010442,58.665035344337454,0,0,15945.993950153927,3,5,1,13226.16111161716
18392.375552361988,0.6797342993283243,4.236087571054993,0,1,15456.64115260573,9,1,1,26199.220960221774
8628.820195504806,0.14336741115396662,36.627557935880404,0,0,28201.037126263596,19,4,0,10479.351018813417
44854.78219477506,0.42404541931088047,40.64128134217856,3,1,24109.96552841399,13,6,0,89315.65785220437
30898.845317040286,0.9611198339358575,33.97033809663069,0,0,23685.676236292,14,5,0,47754.475483817885
34917.808999791014,0.5503610311391811,8.723194793713695,2,0,7283.454937216239,19,2,0,67636.54460788223
40091.0482145449,0.48945622241773423,61.91723971576621,1,1,36774.3758124392,7,6,0,68876.8632193914
26426.783349665693,0.5119296446433645,5.548655333271654,3,0,13045.624335149803,4,2,0,50591.20383111012
7085.2535401089135,0.2879944516046474,1.6538018686707363,1,0,12256.820619809903,12,0,1,9171.434950836363
28244.007465471746,0.4318364537783157,37.9185842710945,0,1,22399.641053037492,14,2,0,51662.71471673207
30581.532546981318,0.432831930388459,19.357906542662498,0,1,13705.582056036666,2,6,0,40956.7023794328
38035.65528666351,0.14711951816872518,56.73374375244615,0,0,30441.338563476722,1,3,0,43681.80138848086
23287.998672794933,0.7908108656661265,14.505903807535121,2,1,20458.776948720162,18,3,1,51233.59708014886
8996.274231391497,0.47485398871349105,5.527732085681974,2,0,24098.850961861135,8,5,0,16287.450422903632
16337.46757254005,0.839961898134781,54.31766364774118,3,0,28246.958115389356,3,1,0,25242.870413491677
20064.86793073585,0.8653132010079059,23.88262758743692,1,1,12566.169556644827,6,0,1,29868.577470687043
33358.110342585256,0.2907946492287923,6.291860248900067,0,1,10320.326274679901,13,4,1,56996.229781111084
29826.580319438857,0.6916181339531157,38.23014121793476,0,0,44379.82943505942,9,5,1,40007.8355789824
19736.546117198774,0.5250536237466835,21.46875618188944,0,1,23385.01403307679,9,1,1,34830.25802678151
49366.21669327004,0.8921410641293366,27.813952182566346,0,1,22368.399652729342,9,0,0,77558.96572029173
31471.416509773695,0.2941666112588087,18.535533419894747,2,0,4673.771062823549,15,6,0,53476.450337973154
14149.659211591741,0.7100318802790397,52.931739598982645,1,0,26404.88622160748,13,0,0,24102.25900667733
7783.776213158976,0.6469769100274503,53.08163651532709,1,0,29045.976915717005,16,6,0,16634.595762666446
10184.379541663606,0.36577132981464955,37.0730718821133,3,0,29265.520934869324,2,5,0,14293.673400621961
14560.013234071883,0.22294081328605536,3.341403829894793,2,0,36230.464958175566,14,1,0,28125.87234121497
10552.024543199117,0.6864757844295489,54.7633090698697,0,0,11341.646244577554,6,1,1,14875.587241282517
11768.650130411372,0.7647377123190976,33.35210950507318,1,1,14854.487308839085,2,2,0,20411.61192654337
16399.472928610812,0.38406460938701503,35.82306697329592,1,0,41104.331865829394,8,4,0,28268.16030183534
11148.558978853478,0.6803493436200824,13.528760568939305,2,1,47517.01899163952,4,3,0,23520.55877402177
45147.974957441984,0.45561781685035296,63.42833363692447,3,1,9388.839126264069,14,2,1,86382.9097819013
6770.986046097183,0.7418861949543559,38.77009106070883,3,0,26389.529061745256,11,0,0,14328.903960092894
27652.03530980197,0.2792937474046478,3.583460908368109,0,1,13066.283878760582,14,4,0,52156.324516369095
22288.65086851409,0.9011935023725569,15.716213174693749,3,0,5823.438912684174,12,4,0,41918.978629002726
49171.7949947045,0.3586686368190217,65.2469675269866,1,1,18298.656891928364,16,1,0,95805.77009365124
8265.82840189846,0.4310073889805376,1.4504039775729578,3,0,9753.318383658,6,4,0,15060.441956459026
21699.213155149857,0.15228275687231482,97.64800967712215,0,0,36366.85445140958,1,5,1,20079.69611033833
48565.11036394234,0.20036099108914876,34.10462182503,1,0,28085.09444255789,12,4,1,76864.84290960393
43678.83491701707,0.5642757124410953,29.939341919565543,3,0,9760.220136544613,7,0,1,66120.69277859351
41402.387334616156,0.34083340905517434,9.464314296780065,3,1,3434.3546550591755,8,5,0,91085.25213615556
15121.432871112173,0.8519322031679749,8.582172608683043,2,1,40983.381304138,9,5,1,33267.15231644678
11031.716607333094,0.11322404978945846,85.44949670552037,0,1,11281.137089719634,2,2,1,10877.425395368602
34426.231336448254,0.44118464380474254,10.626301852070542,3,1,31492.182184376,17,4,1,73612.72461075407
46680.67148899653,0.40361099209218343,44.81709496443816,2,1,18835.329914607042,13,1,0,102697.47727579238
29167.8559716547,0.11739486782584094,14.982814922447833,1,0,30517.839100806672,5,6,1,43501.088480012695
29865.796405085293,0.2119315591004592,4.498677183625306,2,0,17835.72046816923,10,2,0,44719.44732404981
16159.017402033356,0.47227840742677174,0.3231935977077412,2,0,7086.159352535946,12,1,1,30617.118101689197
39166.167860021036,0.543578126002702,23.574808929742733,3,0,13478.65040221442,17,4,0,81009.41702696966
11791.056182203598,0.4638607725293822,111.61583286206664,3,0,11838.752624516554,6,2,0,19580.632172288762
18212.924110999455,0.5778439105708845,13.819958333602811,3,1,23116.90956466326,3,4,1,38642.98635812638
22995.512614971587,0.6356185074151134,13.257291576902995,2,0,33939.337821029396,15,0,0,49546.46936844854
26857.687798169387,0.10893143901505208,12.652024834423804,1,0,15398.885522478804,7,2,0,40031.05093490855
14393.25742350877,0.5176856435081535,22.053084353660168,0,1,3567.2869591290437,6,1,1,21320.693679153028
8397.330762742567,0.9671493167988294,17.43019477414116,2,1,27390.056120443573,4,0,1,14654.561271377006
31699.14199475673,0.5671290521165938,63.586570356444504,3,0,31470.69599987169,19,3,0,60568.198398272434
16565.63600229202,0.7097880407130579,21.12750524267351,0,0,48254.91321808506,5,1,1,16368.477931966157
30318.19640686278,0.38067747212519487,21.263534543286184,1,1,30705.1277453826,3,6,0,50598.07557542968
10255.047617887509,0.7965922403374863,4.467935568738433,0,0,25145.110290772667,9,4,0,19016.876490514376
25613.58478717642,0.7956293336885035,121.7801098562797,3,0,29949.87641719208,6,1,0,49087.53668794768
28031.703329924534,0.5691664428887251,8.629377827903609,2,0,46611.329603515274,13,3,0,46193.11173997147
5435.706230654065,0.9784124409512922,2.2858358351667265,2,1,41933.77284327737,4,1,0,9887.847961292675
18820.401075114267,0.21299519328638805,32.643192481308304,3,0,18180.000468098977,2,0,0,29749.971662763764
9317.48981613179,0.1152528984006229,27.143197168811433,2,0,14150.955091885451,4,5,1,11439.173748170202
5978.623612220084,0.7931423905813864,16.091773318062664,3,1,15343.779781205461,8,1,0,13152.971946884187
49528.13092232743,0.8264399836283943,16.455421505907605,2,1,26707.78886661501,13,2,1,107121.33476670238
18150.63071381198,0.20818650620851864,46.12243806755168,2,1,37970.32420774316,10,6,1,37637.40070138685
41064.098955167836,0.3390245496627455,6.533959825455982,2,0,26651.302737599217,18,3,0,90341.01770136924
14968.1107738969,0.11579712702996603,51.48620240336784,1,1,6186.430603921292,9,1,1,23802.95716778103
35030.62794452468,0.3639777497025083,31.387465250968525,1,0,37008.2929206791,1,3,1,36736.201558217115
38730.70941481527,0.7958276865268044,16.288574970227707,3,1,40880.59604753483,13,5,0,85207.5607125936
30995.020808568683,0.566164474941321,18.376262311847395,1,0,16606.399660626823,18,0,0,54853.544011198625
25164.080861857445,0.41328603385145934,8.897535745959722,3,1,34213.90974631747,15,2,1,55360.977896086384
22356.52296492162,0.43456536541569724,41.84362974175421,0,0,23049.81934955649,2,4,1,28927.733402306905
19396.808527520778,0.10121826314392135,21.57701958935678,0,0,44788.609719189815,11,1,1,22937.1150905761
46687.869779647815,0.3698204748087123,11.607598548347347,1,1,42725.60123355477,14,0,0,96875.58898142369
42039.11216602327,0.6818128674741374,27.193933728867986,0,1,27695.303920553186,15,3,0,79818.42325715123
48356.26480132609,0.9767749994347213,163.71553891901465,0,0,35500.76065323894,14,5,0,70845.4865555808
8841.969503820601,0.8623547442855095,17.14181602190558,2,1,44517.43594803889,16,6,0,19452.332908405322
37350.771334571284,0.12123546818097622,76.032261513329,2,0,26298.69947367895,15,3,0,65524.77149387231
47102.00147058878,0.9087045442073554,12.694372604576573,3,1,17722.78480297463,19,6,0,103624.40323529532
11517.954109786027,0.8048785719687633,1.6886262500409595,0,1,38422.30848175032,9,5,0,20051.9659616417
6125.324566238542,0.8023385112138823,6.853808793931881,3,0,13343.113974880513,5,6,1,13475.714045724793
37832.670516632774,0.5121961831032144,16.27439848389467,3,1,21260.963956283977,5,5,0,72119.57305669079
30000.23631945586,0.4582047636590526,7.439802855954182,0,1,43689.1801440193,11,0,0,59621.80900680045
42565.95250763879,0.3726241559498734,0.006811919860004206,1,0,37047.84999265781,4,1,1,58223.33682878739
9569.301701435606,0.1591253730589292,73.9536634140854,0,0,21979.117246632464,18,4,1,9890.480668744962
40377.56365741484,0.30541182714432924,55.71379696251275,2,1,13092.991613192798,3,1,0,58887.38220116762
12476.484042243992,0.32194327148022217,40.67787048628472,0,0,19730.514369115117,4,2,0,15108.934412977824
10691.829314688111,0.5356693627391814,5.511000636446035,1,1,16352.89501368935,14,1,1,23522.02449231385
10720.492502756668,0.7726999659370246,3.8473983499773934,3,1,11276.196533361135,7,5,0,23585.08350606467
41285.01185087496,0.526428845558152,2.0999539694319975,3,0,37936.646937585865,8,5,1,65822.52239122363
34264.26937272141,0.15206000450244456,38.62380525843659,2,0,14847.28468195806,16,2,0,67340.24807989769
27584.074964148607,0.9620108208893835,79.27122822687724,2,0,24345.8710978849,15,3,0,54564.58598158355
19865.03275380462,0.948451887184701,16.891781908639732,2,0,21135.394001297125,7,5,0,38769.61947903327
44228.42541821609,0.8066705888335676,3.8057201666798695,3,0,49157.63679587465,17,2,0,97302.5359200754
21444.920048863863,0.9921951114077985,21.547354734008536,2,0,21381.335474966363,12,5,0,35844.52783841503
41380.17365516412,0.5900340995202367,12.86962390303205,0,1,6759.176691447476,18,4,0,81733.05855590448
23639.340702800266,0.9664915152278855,14.091706422969153,3,1,7221.810370887949,14,5,1,52006.54954616059
20716.388182970655,0.1680445365550757,29.132754416290947,1,0,30765.424903594045,15,0,0,33734.594706931646
24745.9499264715,0.4291126734352342,38.051938704667485,3,1,31170.086931698483,15,2,0,54441.089838237305
17164.760085714675,0.30284314120608924,3.5163674195805124,0,1,22681.672552684784,5,6,1,28781.6109037766
38137.6408682838,0.276249775720843,1.0871700873447596,0,1,23296.653538665396,16,1,0,69033.81807781137
26627.85833434652,0.2267226540034085,155.17858639174204,2,1,5534.831393520947,5,2,1,42167.08913056733
13913.996671900413,0.660172277409397,7.947431004196325,3,0,27277.685988295325,2,3,1,26266.312666905753
45280.00494390472,0.8031896701725746,1.6600073049047557,3,1,26722.755342876528,9,5,0,99616.0108765904
21042.887404540936,0.6204685594783246,6.317013853887275,3,1,10028.817972176392,9,2,0,46294.35228999006
28546.984472357464,0.23226643862938873,1.1921101983665343,1,0,7880.451147213596,4,4,1,36154.99940834683
45604.1892153337,0.8300113929401238,14.918082503554698,2,0,8807.907058176053,15,2,0,85035.48333754532
32339.185807957627,0.6723592364473556,48.6455857299977,0,0,7748.3275850891505,11,4,0,38237.56632412315
8494.20791329311,0.449349135514296,12.522082612405011,0,0,31656.28519022771,1,5,1,10495.804934310168
47172.10980983333,0.7067172659824567,17.619507229092065,2,1,12234.684662937176,18,1,1,93182.30376511496
32502.27849435664,0.33391448131854956,33.772115567553016,0,0,14817.217152810783,1,5,1,32546.113656679685
18740.563888883047,0.41067298764478943,21.33286293654927,0,1,11157.890775117667,8,3,0,26187.566603372783
9545.787415179202,0.9257372588187912,59.29478614614198,2,1,48018.25930907964,16,0,0,20271.68062852407
40319.18389570391,0.3614540551042784,60.30545238485767,0,0,43167.020768136266,18,1,0,60114.1671014597
32143.419528640134,0.522989441342143,0.2988040004183265,3,0,13833.25735552148,9,1,0,57467.96055021293
28072.671322887112,0.9011270236564132,45.15859519888407,1,0,18395.615814339923,12,0,0,45072.98939981808
45012.95140339501,0.7369492152407747,18.52636746040115,2,0,12864.963588334867,19,2,0,99028.49308746903
40064.068927552944,0.1559829035482325,134.86403481353358,1,0,26118.170094658715,18,5,0,66837.47755210995
10128.719347439306,0.23257273985107332,19.80484184287126,0,0,3921.695026289919,5,2,0,13165.383052007792
17650.937186390765,0.10705743169472515,130.0450075296118,0,1,34554.2964181494,2,2,0,23220.30191310046
14678.98957127989,0.6678296112062471,42.142227061091546,3,1,27588.433041429158,7,5,0,27354.65545978693
37965.475750915815,0.5029060828693765,8.574709396395939,2,1,45236.029630151854,10,3,1,65045.67815806215
4576.024432581631,0.220847365812048,23.19137061258126,0,1,10726.456163435465,15,1,0,8558.685257788706
29784.815188951878,0.9621407089510934,145.3624215796158,2,0,40793.13456487319,7,4,1,47734.35547637834
38835.55822981246,0.576693751551058,58.458842807578314,2,0,40222.16767993564,5,0,1,58259.12606074637
44207.98492780222,0.3177039647016003,3.0731734063859126,2,1,8977.515893193686,15,1,0,85514.22069050802
19077.84218964765,0.5505432140392368,36.76324824232468,2,1,21732.283534773997,15,2,0,41971.252817224835
41599.0933195846,0.711658299461597,12.720158969849146,2,1,10997.174133792294,10,0,0,86340.07998498906
8199.691636894739,0.16861529617620802,0.21020255804173385,1,0,14971.863521504798,14,4,1,14663.76432399405
42783.257711522354,0.34723343354310277,15.499324006673469,3,0,15372.570217035585,10,1,0,84851.94445585016
8991.967129603174,0.8262689417955943,8.026754379530054,2,0,29143.110519211317,17,1,1,17223.71925570791
21672.502656337263,0.5136983833623952,51.25608738313134,1,1,22336.31379274188,14,3,1,41517.16556094009
40472.88219163902,0.5919194278290655,12.344372071272868,0,1,47543.44178829635,2,1,1,62591.96503708696
10046.119085392367,0.4895344019885224,52.724862245969064,2,0,8939.396671509241,16,1,0,21964.375337220365
13774.81557593415,0.13950994837870462,0.01794353014538657,0,0,48763.530337959346,13,4,1,22699.566355721752
36945.87071447411,0.24917480183814034,11.037240408478274,2,1,13840.016090070405,9,4,1,67929.60175667868
36841.71721766549,0.5009874748677018,8.279135968218663,1,1,39325.0750099471,7,0,0,61873.772386699275
33133.938745608975,0.28826691886713507,7.980253977003383,1,0,18931.586530122608,16,2,0,55942.81501258215
35615.5768899537,0.14498112579371086,2.118681604387885,1,1,9724.825584613754,10,4,0,65413.94114676034
28508.04883733702,0.8592846976466414,6.215311057535057,3,0,43320.791706573276,9,0,0,51876.952348571285
14834.55576862678,0.9830732762477042,24.32750245648989,0,0,17516.46226411377,7,1,1,20495.38862516706
19247.711694684214,0.8138285865970655,10.332274582422338,3,1,33966.203998661586,16,0,0,42344.96572830527
11535.092689667006,0.8684064295342003,16.20736435978607,2,1,29622.853199071447,9,0,1,25377.203917267416
45697.17638268053,0.31777941728534087,14.189853234444728,0,1,25172.54654137109,17,0,1,77092.53837319642
30419.414354007662,0.9645642779618798,62.60121819886603,1,0,26303.515214481336,7,5,0,53581.02629731186
21840.016587891074,0.2772331340080856,70.71092126205764,0,1,37415.18196233751,11,0,0,31431.57226198589
24714.272771274234,0.956286829325649,20.374782313896244,1,1,7125.326963801707,8,4,0,51908.52997501252
47522.31696175532,0.995337364569356,12.021310660662213,3,0,34404.49111202154,7,6,1,91779.84156735514
10207.51594645577,0.7405505251714438,3.3883664158929303,3,0,45103.1687657332,19,6,0,22456.535082202692
30552.80210478947,0.9830293586126397,91.98649587224756,1,1,5716.045259933615,12,6,0,67216.16463053683
26776.7679075699,0.6125858016103933,1.863505908365365,1,0,9610.706943982337,7,6,0,39413.41948504642
31738.349065428447,0.3335876048584813,10.599714567140113,2,0,36681.70102499548,8,5,1,49506.49587116816
3851.178639579504,0.49329629709905876,10.61748549192511,3,0,23552.237467497027,7,2,1,5770.00533681033
43989.82372037512,0.6342048418409073,11.587583450461581,3,1,21966.785178243354,6,0,0,96777.61218482527
46809.559276729786,0.1657734058243135,5.384095162101333,2,1,9437.431823579085,9,3,0,85240.96215913568
29561.25962869282,0.6601089381555215,45.8580637078741,3,0,26818.19191373604,13,6,1,60528.09634668841
35742.588722213935,0.983060053086065,3.920276614172678,1,0,8947.62962622973,7,1,0,52341.04032963309
46357.470915332895,0.2710968848053549,30.228066892352,0,0,25401.161446595397,8,6,0,59365.30565478705
36240.21581272974,0.813335604659545,3.9664030467171374,0,1,38889.91905119787,17,6,0,79728.47478800543
10169.335016970283,0.9171089144016574,2.1944043948394025,3,0,15138.424820696684,17,1,0,22372.537037334623
30085.55292784022,0.9493314335381987,72.04880300144778,2,0,25596.949904447185,16,5,0,65635.79964208543
31515.607179994226,0.9641220439649025,6.326400441500339,1,1,49624.75056165128,2,1,0,47440.778840595485
22934.141551212142,0.5693136748493247,51.653038862342044,0,0,35272.569897639754,8,1,0,28114.81938297666
37612.879074361976,0.9795771171923533,23.599407499280055,1,1,42543.768251344336,17,5,0,82748.33396359635
46915.2496941437,0.781579186420995,2.4316334666184742,3,1,22497.837508345652,13,1,0,103213.54932711614
46501.720106618486,0.24550429261326573,93.33307588985645,3,1,39089.4633869152,18,0,0,102303.78423456068
24189.45045599421,0.529210095821173,8.509154443562435,0,0,4903.931128242126,10,6,0,38293.28865553112
8322.188154515497,0.7464980578348036,58.90748436462661,3,0,8776.825579485514,2,2,0,11480.519355226603
49287.536351229726,0.322606284237175,5.54690631083135,2,1,12544.31786724292,2,5,1,80646.07674336007
42428.210062958904,0.6765536651939986,57.71272546719609,3,0,21891.74045691532,14,3,0,74608.70327624826
8859.146016553543,0.6999404311419573,0.39951279229123343,3,1,42750.00928131087,16,5,1,19490.121236417795
46279.5684830165,0.2464297694277093,21.509702706526735,3,0,19274.504387032735,7,4,0,89660.29209273073
43885.12901692003,0.6085767812074806,44.01766003291132,1,1,33767.196095226755,12,3,0,79140.09697789571
27385.38868492539,0.7944642198807469,81.90681186906075,1,1,36337.77185576372,14,4,0,49347.306448275594
30789.945480011673,0.5490060980823478,71.9735856046441,0,0,30550.570642152044,4,5,0,31475.63511643386
21753.127081896124,0.1108928050984967,51.381496159793514,0,0,19790.3725039964,4,4,1,26660.697217606536
5573.797024635473,0.10813462217136297,65.72899043762115,0,0,30121.50706053658,18,3,0,6719.717337275888
18754.270357357345,0.42132640957301093,6.665059019907543,3,0,19086.48286111807,3,0,0,29124.12357583699
40734.112084106535,0.9335746615886038,10.029976241970653,1,1,6942.065711944568,1,5,1,65928.96673664311
3217.7050812163343,0.3058091016432479,10.231157442359253,2,1,49661.786974742674,17,5,0,7029.689452407098
18674.461069483776,0.6709273199845184,14.198859916730358,3,0,8977.575320728012,7,1,0,36160.3403789936
21713.928598774335,0.29986828362398854,14.99264744417389,3,0,6400.374040294695,16,5,0,47770.64291730354
28257.593338082374,0.38950299069359373,23.59443086504711,3,1,44290.945212736326,5,6,0,57844.96807161353
46233.213971399746,0.8632378806413356,5.226307756160725,2,0,17186.22906196607,19,6,0,101713.07073707946
19278.261735200176,0.7559752980429522,35.25637756640634,0,0,33563.957781454854,7,5,0,27812.263719077368
19306.800489122703,0.18585934958188957,5.502059622431362,2,0,18463.269294124944,14,0,0,31534.24597574428
37662.558661158175,0.48583181888779026,11.145325706181696,0,0,21398.350727340145,2,1,0,44686.43092167735
24254.243221820936,0.12625278728073802,20.995797656734297,2,1,15319.309684789436,3,2,1,39810.22266668376
13556.426678179152,0.5328011319427081,47.75391707343345,1,1,19123.068272271477,17,4,1,29333.615599844914
24264.657258236588,0.6961906105309613,40.35102954580686,3,0,22302.918827567526,16,3,1,51476.16226283998
9620.279957850595,0.2066523612383364,31.114315584836675,3,1,36859.55524734012,8,2,1,16098.049246495733
11290.188365792495,0.3599964450182491,5.080025155921792,3,0,27042.201129035213,18,1,1,24352.21518719258
26423.28531875555,0.4580529629519412,23.75889777618455,0,0,47347.56520637792,15,6,1,40113.20505761476
22689.49612671375,0.9275779221904448,2.7452570123863516,2,0,4968.378510422449,7,6,0,39416.87463897389
45997.7573502007,0.9939295138806676,14.213756354530302,1,1,26644.211163705324,9,6,0,101195.06617044155
20032.513258481755,0.1404201690960543,16.008323877702384,2,1,30458.56507509075,6,0,0,33479.316130657535
30287.652463068043,0.7849071311458529,1.2187678969077012,3,1,46249.258345490874,18,6,0,66632.8354187497
32716.421532217926,0.43455165976210897,9.605666171311427,1,1,5310.450610207096,18,3,1,71976.12737087945
3615.439459651681,0.45321236760653205,93.46891674807421,1,1,29954.480491955153,14,4,0,4431.5736985937365
34186.256484785394,0.7788384760123204,92.13476465244426,3,0,43120.60664081398,14,5,0,64824.05783486988
11367.690442878316,0.9265837889308678,13.03108270179609,2,0,14370.603221604119,14,5,0,25008.918974332297
48170.304921064395,0.9558357350522936,1.3216950015726685,3,1,44185.74038062506,4,2,0,94984.0024811281
9987.148204396308,0.6194103274344887,5.920434445864436,2,1,3895.0402358917154,4,4,0,21971.726049671877
22487.333815170114,0.4214090433704526,14.938160222209289,1,1,37425.3675692853,15,1,0,41987.02393148549
7011.434399696262,0.8087941772729014,88.56851795741461,1,0,46856.321394926694,15,4,0,12605.844547315612
49853.08983675953,0.32590124493607026,4.566543676389684,3,1,33888.29009708292,18,0,0,109676.79764087098
26603.165485568403,0.607666625950166,43.256221966464835,1,0,23634.374467081056,14,2,0,41689.94238826285
30983.09581404206,0.4227206153723858,3.4516385391578783,0,0,5109.407774217747,1,2,0,38695.169959414365
6152.594437256092,0.6909679663370885,119.30897207346064,1,1,46245.349226163555,10,0,1,11574.442304818516
38248.142108761356,0.3163590216041562,14.419393871508996,0,0,25103.922466504016,10,4,0,58800.580820901196
12865.562875492531,0.2724336511613432,44.78093446668776,1,0,4362.846983789556,10,6,0,20835.462497227745
45208.551603713546,0.9264151780078934,12.583471605496765,3,1,35421.59035245181,2,0,1,94913.45833723279
12641.563102654336,0.1916233146545832,29.6391511638623,3,0,25646.350918084136,8,6,0,21693.828219592026
11962.32287119233,0.5553621169614386,6.396393825470006,0,1,8844.229919793304,1,3,0,18140.691199943285
4717.8343888604595,0.29876750466670804,4.735460947691263,3,0,13070.7750375822,1,0,0,6899.295920201869
25187.146420169964,0.13503696699310072,83.44967815723176,1,1,6031.061981424775,4,6,1,29010.39292834419
29547.53326334297,0.13241693646228375,74.90231303119987,1,1,29991.79636630296,7,4,0,46918.9239006141
6088.306053132561,0.25769959489524463,65.53578025338187,3,0,32235.385524844434,9,6,0,8528.150187597368
39449.7979846655,0.8800933190554002,29.459573659567052,1,1,26769.888022705887,16,0,1,80626.34080370521
24304.5752331573,0.35423086957932404,49.54973450980743,2,0,41403.8002511229,5,1,0,36093.49439671122
27646.34265839626,0.9554132535177662,2.1460703082128973,2,0,43467.41460147664,2,5,1,37464.78215519958
23715.849106096724,0.6234600636902742,12.229531751807286,1,1,31934.34664410695,11,0,0,52174.8680334128
21835.863861140322,0.4929527707918895,11.293349463791115,3,0,3599.5545462492355,18,5,0,48038.900494508714
29303.09557148624,0.6220799512025091,30.288824865460324,0,1,35675.793820143575,19,0,1,62360.93646835319
10296.291558743487,0.565028546703641,13.19972957647133,3,0,22645.963195256525,13,4,0,19690.758265739176
11550.622133277742,0.7828986283815926,4.822912297821164,0,0,29581.201711640188,11,3,1,20783.95289897659
43503.92418763531,0.3542464593755671,27.224915913387235,3,1,33506.78829488756,19,3,1,91552.01037526279
47467.42672028074,0.4177453524402721,50.52224484169512,1,0,19461.12087337261,17,5,0,79972.75580643798
20545.537865148388,0.9046848722799257,14.4440001214867,2,0,46103.62974307433,5,4,1,40990.01080984373
15724.999637747027,0.9518108618353649,4.256195755739739,3,0,9296.818737239717,13,6,0,31810.84888022702
33267.97853223374,0.9033024047378271,6.570370294768076,0,0,34561.054942208764,1,4,1,35237.78671485729
22210.50604161053,0.4775031945615822,8.133926276413051,2,0,3204.90025795928,10,4,0,42656.69569475765
4193.158716036209,0.8023289527061935,10.695859767504505,0,0,46458.6019540435,8,1,0,6655.772591247041
10339.172076210947,0.5287021599709889,30.883368891022286,1,0,8287.6942621903,8,2,0,15228.076782974531
36650.69475582768,0.547785866931492,27.559717235821587,2,0,7459.558816936008,19,0,0,63765.37091675189
33969.425269777115,0.28421209815155557,35.72970943834268,0,1,18651.35875345548,6,4,0,48333.72881783014
4273.511647663724,0.6320172729326649,13.506123448350303,3,0,20557.61544383679,12,4,1,9401.725624860193
13432.691610848624,0.26752230797801313,52.11773827325854,1,0,13072.103399175296,7,4,1,21206.622633478146
13860.515439639355,0.39840822916047436,6.84798678846861,1,1,30500.71806357486,16,3,0,30493.133967206584
34578.95894914024,0.8695271814579416,18.992099940209428,1,1,23816.962607972288,9,4,0,76073.70968810853
3926.395274455115,0.2863682282897697,48.42427709119039,3,1,4606.252684931109,10,0,1,7412.290776196613
7893.103353274971,0.16404245665608952,5.9593329086034315,3,0,18023.646925999128,10,6,0,15584.804915272458
40596.0560125399,0.1621068333515347,3.4914006989117334,2,1,41090.346937939015,10,6,0,84016.7910920396
11391.59911655368,0.9467060684527971,64.54333127665932,3,1,35415.97213850782,16,4,0,25061.5180564181
33679.06706903811,0.5562283941656512,12.598926240679978,2,0,37068.93011825438,1,0,0,46223.87371046471
14194.590709196147,0.4684708646353165,34.54806458124275,1,0,35811.49543192561,17,1,0,27739.87713279152
7673.745459689222,0.8297907229071266,0.7702624425833322,2,1,17615.732005002566,14,6,1,16882.24001131629
14429.092976974342,0.8522433351194644,35.14002737629596,0,1,7684.204337608467,19,2,0,26355.6301062617
36946.54579721598,0.39897192980404417,11.398364658798872,1,0,15805.957649555512,17,3,0,65369.62955620128
43217.73400099543,0.7242562517264157,1.720638930161771,1,0,42093.909108702486,14,0,1,68195.32212735745
42020.3336346486,0.7940105342666979,28.2338566942299,2,0,49082.12749580434,8,6,0,76473.77338014802
21667.625892067375,0.6891856181793591,8.264851744168592,1,0,26210.80969285338,9,6,0,36544.17516717707
34400.00141882037,0.23643556732008944,14.672278269448508,3,0,3455.9166813829843,8,5,0,62028.759310863934
12634.261884543586,0.8882947751653513,2.520393780201508,0,1,9582.106170308765,13,1,0,25104.583653584763
16777.943322267623,0.5851850974624079,4.775614033300416,2,0,18137.78703986449,17,2,0,35013.387480628175
45127.78347049263,0.3542251837330034,10.613683422405172,2,0,30193.511383868637,19,2,0,76354.33258647128
3611.090405004594,0.4827053668939245,2.821392878690031,1,0,6529.401352849756,7,2,0,1444.4361620018376
7018.900950159999,0.13381398135901665,72.51506189730746,3,0,47337.793039364435,17,0,0,13292.626071909503
12770.653991863284,0.21508012110017583,0.18196201777162027,1,0,20158.932644366832,1,1,0,14727.951503331691
4247.013582069527,0.7889920754642747,19.841329695354762,1,1,45891.45824246668,5,4,1,6092.576972440566
11527.465449220474,0.10001047127982954,3.9459147231920526,2,0,39684.52472958002,6,5,0,18742.96516739168
30402.953365575533,0.474909245634063,11.03117061993868,1,1,38505.55180823231,2,1,0,49386.20853023087
22806.953877847405,0.5702591629770296,78.13486116787834,0,0,31515.820249764904,16,1,1,32438.48000043049
44955.57042061782,0.1491709780008751,5.291182500372166,1,1,32458.839401436697,5,6,0,73089.26800021125
41419.84740170672,0.9757703466750995,101.29425308193976,1,1,32986.152055163664,5,1,0,61747.37262665718
19065.41552980017,0.3035127981247048,6.912386406484382,2,0,32549.90519020236,12,0,0,35245.76567058355
15192.901371270747,0.3737788476726528,40.59346069470624,1,0,29025.22687572298,3,5,1,17467.033425776026
20845.543183861544,0.37354826102952465,23.734529029301445,3,0,49361.45886869578,16,0,0,39427.629700606085
30743.862298195963,0.3073749959056149,64.7490176798187,2,0,37417.656669007716,6,5,0,38131.371869581155
15598.991118675183,0.10132643987768028,24.222636146583685,1,0,39516.48025444849,15,5,0,25262.19310323995
32334.9986689093,0.7564103146791967,22.943112197710747,0,1,44005.752308932686,15,6,0,65592.08602630264
22242.3476529883,0.9701609498193569,6.524463240928847,0,0,13135.068848114912,16,0,1,38938.101965219386
28946.217500043073,0.3018641349565406,5.453907866916876,2,0,6938.7954774678565,13,5,0,60925.582002218325
23497.946869359883,0.6967424726230802,74.48336186414306,2,1,25696.038520134138,12,1,0,42328.557588068215
16839.89069847013,0.7677066942628435,11.917685757599358,1,0,27161.79269410584,10,0,1,33252.936574614
47577.30542722136,0.8635828411814722,13.960383009982449,3,1,41971.54365764613,14,5,0,104670.07193988701
38889.47232550876,0.48036627731224824,42.79145606679618,1,0,23857.82822626978,2,2,0,51439.993160763384
9585.319261023269,0.3726378150763864,12.412032855658975,0,1,29830.092200582698,3,0,0,13442.422243588695
43817.9948672019,0.39276562062072806,91.13568260155326,3,0,27772.334110132542,9,6,1,77522.4977291225
25909.266317727142,0.7413591997886615,40.17405367117512,3,1,4795.53083659738,11,3,1,57000.38589899972
45043.9546640223,0.8351015198550724,27.2965320817493,3,1,31915.100140054958,11,0,1,99096.70026084906
40593.19702952381,0.26345257098094244,63.832535097032505,1,0,41918.03443138985,10,0,0,57130.803144759506
22985.034710053973,0.4338469073419887,1.5263564127230518,0,0,10402.52575956278,14,0,0,37537.27532282814
4056.057491045518,0.911746177074235,8.914308447887606,2,0,30933.59149455,9,5,0,8923.32648030014
15627.835891092465,0.8260241677252653,18.766693464720817,1,1,30899.695588981474,10,0,1,28725.018527721306
28456.808089060745,0.9863725624862283,7.723454043901585,2,1,10716.693310648861,9,3,0,62604.97779593364
32773.47633182892,0.7788234337138726,40.86622622906158,3,1,8802.787965344593,5,4,0,72101.64793002362
15120.721215360507,0.4538756809251301,75.47633137872879,3,0,49062.44131989479,8,0,1,24140.731403045982
9549.735481422733,0.631574050595174,16.53745801686781,1,0,21504.800973692763,11,2,0,13638.558579170787
42241.72112956706,0.6949128288225883,12.56255663674742,0,1,13688.821250005876,1,3,0,67547.43983117222
49266.90249306695,0.17061023468541156,97.75246873502643,3,0,11052.253589355623,10,4,1,64773.52479723919
27707.438568226233,0.5900472631934786,17.655639413403264,2,1,34377.280538412044,1,5,0,51162.26201487779
11068.926434870264,0.7383887456253486,20.144412311588024,2,0,31643.928974382103,7,0,0,24351.638156714584
15798.44434641034,0.25058917360095434,12.99973224271138,1,0,33246.94978040862,14,4,0,24788.31257396413
3864.3617977309364,0.8025685456830014,72.08823555486434,2,1,7136.2832930382565,5,2,0,8501.59595500806
45972.043908343454,0.6253955024627005,25.24631721489177,0,0,44996.12542442654,17,3,0,70576.61858227779
8534.300895836634,0.9569996071278352,43.086553022516675,3,0,21295.520650025268,6,3,0,17486.67103601735
30096.27434916992,0.13818006838620253,50.1085725120147,2,0,17728.362102226823,16,5,0,60658.34523871531
15880.595372298681,0.3387935237999203,12.549628631724962,2,0,24730.98802064374,11,5,1,26105.68938815879
29046.36611824229,0.6413984913698416,17.05863887649388,3,0,21333.105090138528,10,5,0,51309.95494117739
33616.75825253762,0.36690392098533764,56.609500915092035,1,1,43588.11914753986,15,4,0,66229.58219327779
41997.86477423848,0.742981747664118,13.541597094939778,2,0,46675.265834300924,7,0,0,75862.1961627429
12701.79977274835,0.7831047542697379,47.386928208082054,1,1,17262.30117313149,2,1,1,21420.588612104882
3516.8039469485825,0.19226436765982702,84.90263153055163,1,0,43604.98295061787,12,3,0,6623.439049205928
9433.624613233942,0.5624690177860909,29.282047980976824,2,0,39731.587088054155,19,1,1,19721.661013997622
45300.87616686094,0.5580015000319504,40.60056342731785,0,1,46747.960600203805,12,6,1,85586.43553409414
44072.833645438215,0.43235269319398695,49.05764643260204,1,1,14550.264672736728,16,3,1,78320.54211250631
31078.41580200449,0.9396323763127049,55.93757982354893,2,0,30117.080055686016,6,5,1,44444.291722283066
31224.29244038171,0.844755687885899,15.078449597536231,1,0,15903.595482800898,3,0,0,49967.787700269466
34256.72370367401,0.727488443718673,1.5787240977805097,3,1,41732.441052765585,2,0,1,66339.08705012385
11242.45009530213,0.7428939721614978,15.418729264405691,0,1,3250.23695684002,5,3,1,17879.8596060059
45977.36145847311,0.5155445294318072,33.60331246953585,0,1,29546.500655660617,11,4,1,85291.8401516831
22682.214669927438,0.9288950689869183,17.95422806471328,3,1,18942.561269780148,3,6,0,49900.87227384037
21007.51082772638,0.7251358845279569,41.464666239139966,3,0,18166.13423265755,3,5,0,32260.876601881737
27389.132148293364,0.7560829554902347,13.247496877579284,1,0,33310.5972216511,5,0,0,43276.8843158776
5207.400438427587,0.8755218134086107,30.214715630911073,3,0,43019.769117757714,11,6,0,11456.280964540692
10815.318331535731,0.3466644304079719,6.189323303798865,0,0,31632.183395486332,3,6,1,14286.805423890017
37687.57997203941,0.8263638134800327,41.51325849726944,3,0,43099.129996395954,13,0,1,67737.9870892773
6891.537392480945,0.27571654266084283,23.669658985595014,2,1,15436.064258408409,8,2,0,13117.034575728569
31348.149144920244,0.41080775702039907,6.847109596303731,2,1,27416.587173954114,10,6,1,65144.76569171317
14531.408155022085,0.40204940884285845,10.355571959901642,1,1,24175.217336152575,2,0,0,24698.685453293994
21296.893859972897,0.9806729215502265,41.42233871302194,0,0,3547.310276645522,4,2,0,26911.13540699656
16568.605628222896,0.8708835013731342,19.76824192338844,2,1,29170.170727614786,18,0,0,36450.932382090374
19716.61767385261,0.7310528754312338,7.301590859341248,3,0,34091.64323487022,19,0,0,39422.4910700804
36795.15754365954,0.7543510854538511,102.58498681576225,2,0,30819.977007696292,4,6,1,57575.9254825984
16964.720634289224,0.605865514962314,37.671145829392245,2,0,37605.15524282081,9,4,0,35133.50543598093
29621.018093954168,0.9523816003976672,94.49087190511555,1,1,29852.957837294623,16,4,0,59233.30180541282
25374.368903357685,0.5466328775941254,16.711587129291708,3,0,6137.261977985575,6,5,0,44740.15658426363
34192.544772044464,0.4424659388829051,19.336444793530035,3,0,8472.939631981437,4,0,0,56612.148556995904
47030.997748263624,0.2467318032384319,68.47030515136727,3,1,31034.305144565762,9,5,1,95492.64852374248
37430.88856888176,0.8075850870349521,22.33633063630812,1,0,15924.022022761088,13,5,0,64397.544991908646
13102.197793765568,0.7609995388680323,36.85605123279902,3,1,6743.321064633994,9,5,0,28824.83514628425
4465.607347880379,0.4459195346717214,8.717503420990548,3,0,23191.3289420817,6,5,1,9064.286911672396
15326.41008209178,0.12267407256330642,17.757083043267407,2,1,29053.162109931804,19,3,0,33718.10218060192
30968.662742911976,0.8550975949462096,3.9528413428156997,2,0,18451.06145243151,14,6,1,68131.05803440635
5417.013233759766,0.11027618510866627,6.9194002295794,3,0,36860.384004611566,15,6,0,11677.187708842435
26329.213618458107,0.7333298016661458,0.02831581691708751,0,1,33257.2185807585,3,3,0,48877.35208736445
31051.613899093794,0.9732313987534513,1.201701486632772,0,0,18642.46297130858,5,0,1,37693.568919800135
18709.46286839716,0.4938951953333831,113.54033918763702,3,1,38479.00885870235,18,3,1,41039.894543422815
39232.87357605363,0.3114760644963575,8.326158555432873,0,0,33488.666999052664,14,0,0,53744.25914631792
8010.117897287275,0.7343839090390435,32.657842817389884,1,1,32959.93279974139,16,4,0,17622.259374032004
6531.475741583012,0.8354153278140266,54.80911059038909,2,0,29011.1019369922,14,6,1,13601.438471827076
37224.87154156936,0.5917872844700626,23.999293845539896,1,0,3535.314400161981,9,1,0,51028.90445547095
26288.091861691326,0.9703317477305315,4.986756033257006,2,0,35735.83762341378,15,2,0,57833.80209572092
35354.912632103595,0.146501849492165,39.07144148338983,0,1,20673.964182130356,7,6,0,54746.18568592951
23436.884914376074,0.5543160384740753,27.507583641837332,0,1,47302.65637745681,14,3,0,42664.50989839054
14580.89556223802,0.746608552590295,39.41927677389403,3,1,41445.28424062865,6,3,0,32077.970236923647
41497.80893068739,0.8763764240342611,44.05724810000797,0,1,30621.640067971675,15,4,1,69461.08055892379
40572.54631154203,0.26133005071701104,111.16291126435436,0,1,14852.553145505663,8,3,0,49839.762607958415
35650.73413015806,0.8200031335873132,25.568738807347007,3,0,12574.717484050328,2,0,1,61575.78168587815
15790.821449808247,0.5974363681466908,12.540152247065338,3,0,18998.08737084481,8,0,0,28918.79226580057
30740.841342847092,0.4568983137909669,31.36334216881727,2,0,25398.69334826087,1,1,0,40131.57660387769
19965.773156181258,0.2185435257211842,2.1268632037864537,0,0,16915.078971830513,17,1,0,31635.330412104
7304.357446351805,0.8787661830180211,68.30673628111593,2,0,27201.686283446692,19,6,0,16069.586381973973
46113.73804672541,0.24154588736174382,3.81390667711373,2,1,10772.409999119738,5,1,0,86925.9437971745
9430.475653191186,0.37880907328818936,11.917892808273088,1,0,48952.502202798496,16,0,0,14749.369882147912
47661.15562957771,0.36104097876619323,50.74310030994951,0,1,8072.454083354712,7,5,1,66668.48977590408
23962.27132902392,0.8842726307717689,27.28782449820377,0,0,46801.37456375549,7,5,0,33690.12613113513
11701.247655415124,0.7054326947880082,15.008220660750247,1,1,45938.16653592666,18,1,0,20948.039508245987
28469.344526782832,0.8170132574722351,19.241452513756336,2,1,27691.942645516407,18,1,1,60480.10817608566
44028.45428619119,0.3254211089132491,57.8371491571934,0,1,37070.782776295964,2,0,1,49519.330339264896
37414.56966124938,0.662386689646299,12.46566268587116,2,0,23494.270004711627,15,4,0,79313.28159868771
40908.37394948814,0.6145713848293738,61.12589161781466,1,0,32611.625144494596,14,6,0,67138.96173882467
33962.81823540371,0.849547339109444,2.767881064779848,3,0,19007.06905879258,18,3,1,74718.20011788818
35536.998532339065,0.9154783544331345,44.9904014023814,2,0,17154.473929915934,9,6,1,54048.12356297991
42912.195623570005,0.11094109432964813,56.42709238876039,0,1,30176.799949967142,14,2,0,53721.56250939275
14734.39641638174,0.7066179271529134,6.020101467906559,3,1,26412.094686647077,5,5,0,29263.541149215496
26002.9732912276,0.14665221920775612,16.881811636835515,2,1,30238.20935004911,11,5,1,50989.992792248966
13396.843765521304,0.5939727985696204,5.427667975641189,2,1,16473.04732049008,8,0,1,26060.828736141037
49420.39637584241,0.3588694561393104,36.786974588716234,3,0,20247.018095398776,5,6,1,80743.10339947231
47370.788965270825,0.3760989395699271,22.99398124522187,3,1,6943.204149558737,11,0,0,99690.34238996073
4853.060134319778,0.4176626531071209,30.2623259825137,3,0,5456.989496793669,5,2,0,9316.891852064382
36162.03310823736,0.6591632041446491,6.562856207861183,0,1,14912.485094631764,17,6,0,73498.61287535778
46486.67091853629,0.4006449691018923,7.138041931010838,0,1,6489.60238853565,4,2,0,60520.86756447705
11487.041220984676,0.7594291455312524,1.271487786399792,2,1,7877.411305832813,15,1,0,24734.48294529442
29693.425835973583,0.4640746470164827,11.661228163089607,2,0,41207.63505351504,19,6,0,58449.18889719815
46027.94998663797,0.16151788027896277,24.612012157104402,1,0,4827.063759784397,2,2,0,65182.44209270337
4595.460993532545,0.8053838582356965,58.54409922781921,0,1,33970.311314932915,17,3,0,8922.323408187995
35778.752560601475,0.35718249213343545,32.98184811700967,2,1,15810.214194323824,12,3,1,77660.24910934528
16975.403346509884,0.4894901916393364,17.14893753950105,3,1,43962.646993281945,17,5,1,37345.887362321744
46446.62118269693,0.7168994948997114,91.80499721593043,3,0,25794.63737514248,10,3,1,81161.55861993096
48639.73752277229,0.3992105414338408,38.10820771497925,0,0,17362.09358840781,18,6,1,83229.0032759387
47380.524988331395,0.15092709053204406,79.84868601336827,3,0,27329.029977403425,19,3,0,81607.6524668618
25288.0681829008,0.4365289423115323,22.49711208607966,1,1,20952.026895127634,18,3,0,49396.320328719834
43516.00459649773,0.9500037244248731,8.98876434643903,2,0,29522.15003948202,13,1,0,95735.21011229503
42693.82173114831,0.6775609575687024,1.6281956759559282,2,1,8383.044811338368,14,5,0,93926.40780852629
17997.722242433014,0.7043312338004862,38.84810692506703,2,0,49858.5536321899,16,0,1,26602.4941523399
41959.02728508184,0.6690539382738758,3.8794544505265587,0,1,23001.126251745725,18,5,0,75433.06972141084
4739.358831628153,0.27909292506349315,10.819418767127308,3,1,19366.84006624633,18,5,0,10426.589429581938
31024.684288656492,0.47650047769205217,22.808811091925815,1,0,36379.86287086445,16,5,0,61790.68919982885
13810.415352522043,0.7758458185269864,24.932069068525674,0,1,20103.272105280626,17,2,0,30382.913775548495
8666.643631532104,0.19123560779784324,27.53249364741749,2,1,42163.89233635161,7,0,0,13401.917371619815
6616.80047657283,0.35006749848074104,5.454842249873087,1,1,24350.724044939987,12,2,0,14556.961048460227
35725.57246627257,0.34868719761926825,14.328370500022869,2,0,36819.24542347544,2,1,0,48254.15441390711
18974.123297099108,0.48881703483505545,28.80682616521109,2,1,8050.301172768668,10,1,0,35839.18191336225
37064.03826185179,0.9823318668479666,105.01614619585389,0,0,42767.60172109026,5,4,1,47884.0756164318
6071.7480175502915,0.16075229201543975,39.01794059929589,2,0,37578.74537857116,3,4,0,7917.156071246735
17818.645878038686,0.5668308949425356,76.76451122490677,1,1,12950.688587712388,19,1,0,37348.927022595126
28356.090741640848,0.2614282138109894,43.091280114250544,2,0,9828.442458051974,13,1,0,53228.98620361206
40163.988747431285,0.9736088908687697,26.873839241522063,3,1,17865.740390104347,12,2,0,88360.77524434883
17981.367637807285,0.2019731542547178,6.396664292332282,2,0,48875.31754349951,3,1,0,25071.650895321935
32416.894692539427,0.4632409021254321,32.96007737903055,0,1,15071.084004651755,6,6,0,48134.25404324804
44640.9541671008,0.7640964863511456,29.295522148910763,1,0,24437.978820491764,14,0,1,71580.4797765647
31945.569844568316,0.7340989852247007,27.674483678915735,0,1,4410.950608714807,4,2,1,43428.145959871814
13949.095313420787,0.480455773204539,20.18774324080186,3,1,21669.69388961293,13,1,0,30688.009689525734
4146.836733157287,0.41187175115744645,22.565051161060875,2,1,29852.04072535583,19,2,0,9123.040812946032
43894.6470733437,0.4578511406975835,12.213908532665467,0,1,47796.856787874356,18,2,0,77184.89300166121
3999.6623099681956,0.33784863684277533,21.976149267871957,0,0,27286.59411218303,3,3,0,1599.8649239872784
44110.97861615737,0.28479964483611986,6.602792724045017,0,0,41498.044330351324,6,4,0,56887.02500425703
27860.045299278965,0.534735727803001,49.06951398065129,0,1,28714.999200738326,16,2,0,50464.93544860533
47136.18183010612,0.3416803804608466,6.165628172616673,3,0,4916.8956314693505,3,5,0,77840.51374260907
40542.81208136227,0.35871549840752515,2.6638311820318896,3,1,17805.388933919377,12,6,1,89194.186578997
49902.90319506686,0.6910804571271013,17.194120187990457,2,1,30050.826868061853,19,6,1,109786.3870291471
19483.455326230378,0.9716835985299029,32.21531676413662,2,0,47677.91639876284,19,2,1,42863.601717706835
39057.849579762966,0.6432734805034376,17.272490572902203,1,0,43379.12690830797,4,5,0,56079.76736453802
21890.75293963438,0.16928152035846966,9.720181445264297,3,1,13732.713866405838,1,6,0,35031.031865036646
25554.154154283715,0.1680252524686603,24.504982973755652,0,0,13345.162010900685,2,3,0,28324.624237308817
32492.756771263394,0.9562808987610094,12.785451784419703,0,1,12455.129454353335,13,1,0,59967.36012163063
44062.82436675792,0.3675617112766003,81.03269497995622,1,0,46357.44812621765,13,2,0,58034.76780296736
49251.923052366874,0.1828602874742279,76.78055602577122,0,0,43075.30919578087,2,3,0,58883.12656149031
39108.85045163235,0.6391401284353434,20.937063218154496,1,0,39419.52131588859,19,0,0,68432.97512879064
22635.038761864686,0.6612839004612395,11.919729762253718,2,0,21458.550368538698,16,3,1,46426.276637447496
22803.7791070223,0.6836543381068193,40.083145461324875,3,0,26705.89310204204,12,4,1,41420.411962928294
37666.3681746779,0.3406618250717872,1.122114777460718,1,1,24823.592005372182,1,4,0,54565.34764640985
14222.52585111021,0.11359961579302753,19.317513740063454,0,0,14909.711055290514,9,1,0,15141.58004107753
8192.283317175548,0.9685138325090247,12.298808631352522,1,0,26736.318168992046,17,5,0,15918.839009141531
19667.241409116497,0.3258037411219923,75.9734923249348,2,1,4433.33774907946,10,1,0,33553.13056765294
16500.23260774184,0.7084236592472928,0.36226935840420255,0,1,9195.087554380581,18,6,0,31539.496521520297
16926.481661431535,0.7359668828908386,24.143478654695958,2,1,44669.71101994048,19,5,1,37238.25965514938
13979.564299345768,0.6490066753715371,40.48887436025902,2,0,38328.94905047689,7,5,0,24187.74447605995
4978.379912909008,0.38161665479228346,19.90869918478557,1,0,22874.815225777093,19,5,0,6233.102281159838
3840.0749324704493,0.3439866283876592,2.6781534259580613,2,1,27306.06702734223,15,5,0,8448.164851434989
49422.95231759348,0.6379014544324328,107.76498780027768,0,1,20389.94764011894,9,4,0,82398.8863373285
23105.33728558553,0.8794860702505224,21.894984210745484,2,1,37816.653756551605,10,6,0,49712.614840208305
21063.35241650504,0.952060356031056,28.572015725784507,2,1,39856.79742390774,4,4,1,32239.909267603107
34943.42228657428,0.19531522396338186,8.09957860223878,1,0,38874.40393954848,6,2,0,46461.50299201437
13257.932729658016,0.2393457513379479,19.820288489654153,2,0,36962.75106721913,4,6,0,16631.277587800767
47648.17564566059,0.9502626329047716,16.818837326584845,3,0,12611.703918561403,5,4,1,93009.85746439135
39958.21567753095,0.7628817055013133,2.335468337036468,1,0,18884.589024302502,9,1,0,68262.34823235919
7202.317108676197,0.8946944423467957,3.3668665884266438,1,0,25082.735444232723,12,4,0,9527.688211638644
22626.296461891634,0.28236937072180884,54.50724544414575,0,1,18547.270597099814,8,6,0,32058.604721380278
44318.56045542174,0.6288272839984617,8.225999063039637,0,0,38482.18940744146,5,6,1,54254.42121209323
47402.40504769628,0.7310256349757263,6.50583498778147,0,1,18479.61563974787,11,1,0,88866.26382190839
24967.871028743877,0.7121006969022754,21.09055938145048,0,1,9496.908078910847,11,0,0,41737.41461345425
31830.335292903263,0.46733652178002827,43.927304932430395,3,1,21754.901246270292,13,6,1,66239.48762826061
10850.595466327535,0.11385540252217763,1.9184494548292934,1,0,49055.97834077188,14,4,1,18668.56026298269
49584.9254284379,0.6246334511238368,25.797873369424003,2,1,13616.426407878067,8,1,0,84749.48980734202
13888.56996502184,0.32779138526164786,3.8080964918993603,0,0,31771.456970331765,18,5,1,23637.276199367632
47308.39338435091,0.5052288215286013,1.1142710180925408,0,1,23349.733342466196,19,6,0,83695.51842635035
33533.39250264132,0.9618229135754356,1.6255753343087886,0,0,6338.154679518351,12,3,0,52160.987779911404
31563.62935930638,0.45913178587819126,53.90269749845436,2,1,25930.200481908796,12,5,0,63560.66203358234
27096.360017775904,0.855821445997984,3.765960772841203,0,0,36001.723446470685,18,2,0,42692.067851715874
13841.481150734659,0.269686545174326,1.386073434904337,2,1,27121.33886390748,10,6,0,23685.649450425866
11296.817504258888,0.705214448222526,17.2822592458959,1,1,43988.98499608931,7,1,1,20352.56845968423
13362.851826298242,0.9793062589950491,55.735722782479776,1,1,16580.039782906384,18,5,0,29398.274017856133
11762.598320779962,0.19170379078564312,9.130948896479426,1,1,7053.711051286351,12,4,0,19613.33481109572
39640.470257637404,0.10748794800447281,16.430529970836613,3,0,47018.583747926285,14,4,0,79339.80147957065
19455.887180836315,0.4902245133693529,1.2222390758954664,2,0,20775.228427826292,15,6,1,39278.863278028606
5718.60579847963,0.1833629347462305,17.884889216254155,0,0,30091.060918320767,16,0,1,6702.002929669887
48547.82361661813,0.7735459147086082,25.85500543461127,0,1,40224.14692811921,2,3,0,78337.34328478463
44537.93659328101,0.923093797463703,25.382451768019482,0,1,18242.742202152287,18,6,1,87181.197368107
46604.35731017501,0.49061887543788296,12.123182108403505,0,1,36659.73329434772,12,1,0,72102.74136506954
49760.66766438246,0.3328404779398969,11.373453292066257,3,1,9364.685941437918,16,5,0,109473.46886164142
11173.076713315902,0.49096298710594877,3.3824192264639215,0,1,16690.806118658747,13,3,1,17776.04449333818
21623.37488842496,0.751103036065001,13.708988964278708,3,1,9801.399898416435,17,0,0,47571.42475453492
38637.20835809229,0.10814874542233388,3.143975825944762,2,0,41127.836244863814,18,6,1,60026.21837994767
35712.96904852823,0.6305085905362274,43.64952553318109,1,0,13464.514055658912,3,2,0,53921.97166837116
10233.107597973187,0.6519625163986411,101.68485162658773,0,0,36717.96710404488,10,3,0,17521.596999479007
41344.156874559034,0.6739194222063419,105.27128613605713,1,0,47335.024670545674,1,0,1,41006.54661659453
13548.70687632305,0.3178198719827895,60.09021903956482,2,0,27805.29382623722,6,6,1,17320.110558721914
13519.427896663285,0.742647451040314,27.54819206265849,2,0,28381.37203625232,3,6,0,20743.05069491426
28237.797875990436,0.18225233769859878,36.20587900026291,0,0,24668.577700597165,19,1,0,40348.21457806282
30868.17693756005,0.27934330282012076,10.07281840912502,2,0,18316.83673950121,4,6,1,42370.975878641024
30264.051768377125,0.8897230419890337,29.890099825611824,1,1,25355.786453471104,3,2,0,57777.13948156435
7299.8813576944785,0.7648508356539098,18.24486086856902,0,1,31331.954016537693,8,6,1,10514.288525829748
44240.66054362788,0.11237099861021073,19.734405352673377,3,1,49341.60389202099,8,4,1,78783.18239657397
15483.202001669186,0.3235386343328202,42.536840237212,0,1,47074.93428795654,7,0,0,21925.83503914485
9087.201300291796,0.2929658346938481,9.935160165934978,1,1,43521.18903977672,2,4,0,15375.217680005218
44771.15975384193,0.34372569523327534,11.48351113466997,0,1,44789.135178128345,6,6,0,79664.04611635496
47915.62041679841,0.3228037932518978,77.56507249881038,0,1,24988.911614726017,16,2,0,85029.22574058021
43519.99801147618,0.15627366616856117,1.7360022463748,1,0,33899.88337734085,10,0,1,57229.898574863
41047.25551206927,0.5130464649371383,19.944623544719114,0,0,45068.135978002065,4,0,1,42529.79126933041
33796.373090034016,0.7594601273075486,73.1868038129571,0,1,21468.685954593595,13,6,0,52939.47154003957
28890.296418629547,0.6460585522456928,28.276192877673,1,0,48202.836482237035,10,2,0,45527.12160582416
7088.377715836276,0.7055845017382718,23.716653671879026,2,0,22541.9449172516,14,1,0,13290.464744312414
22197.30101432284,0.17303426068261524,8.620231087511335,1,0,31250.885273481133,9,0,0,29629.41091927825
20516.36029957876,0.9563416391591085,12.614719862357806,0,0,36360.82152380148,11,2,0,30456.729538103144
15208.42783673533,0.8546426504587223,57.32610577660361,3,0,47677.8246145691,18,3,0,33458.54124081773
37000.745343363495,0.8245812866460964,24.5761546729633,3,1,14496.964880456504,11,4,0,81401.6397553997
26306.159548702228,0.8406854245375908,21.692249100235898,1,0,38068.155977216185,17,0,1,48847.99359864099
6809.172147659453,0.9394394573194852,3.1468091911752962,3,1,27478.33254877186,2,3,0,14980.178724850797
13348.610491641133,0.589828569502328,0.48473989868825285,0,1,15622.18560917013,3,0,1,16617.15260330141
35113.16189200101,0.2802538160808633,99.46588787342385,0,1,39500.52147043036,11,1,1,48245.67280676927
6578.150396044109,0.655105247067287,14.195596711478043,1,0,28954.447168170787,18,6,0,13449.012118333623
43006.72496029213,0.7685933443011451,27.73067468132368,0,1,34065.76957053476,3,2,0,59348.686103677624
26271.886769656794,0.7641256540186229,2.4921586148953336,2,1,18176.350223161346,15,0,0,57798.15089324495
25587.569134352456,0.5693041217501921,34.47642278683367,0,1,25619.875735897436,11,2,0,39285.749436914644
30843.165878997326,0.16161284740022025,80.89849340690472,1,1,32015.649796439153,11,5,1,49924.08102464154
41760.00539848201,0.4340016445871151,25.71697912775748,2,0,22030.808270682668,11,0,0,77115.80260593042
19347.032771403072,0.9286899476170216,4.044205794912921,2,1,12323.509372841962,19,1,0,42563.472097086764
34866.75917027598,0.6260040187816834,26.14823598165014,3,1,48197.103138819286,1,1,0,59746.70194043748
29589.40230780218,0.5844987489301421,43.61757246771469,0,1,27038.97438200302,5,6,1,48873.10728039147
15550.328697962803,0.34196816294397414,15.647323368806415,1,1,37494.25740352192,10,6,0,31013.13337750322
44295.609358692425,0.43160402792492103,63.567370469311896,3,0,22319.218097134733,10,3,0,79548.42846553141
40479.02301552562,0.9058114802378523,31.381985892842753,3,1,19691.19290920867,14,1,0,89053.85063415638
33947.236228946,0.6998167427741522,68.85307024888151,0,1,22136.722027954875,2,2,1,40174.38112002325
42977.34126742937,0.8086483240770995,29.3055401622099,0,1,22232.24225792554,4,5,0,73888.72022027119
43762.82744511071,0.5089108807608896,4.2223077552277,1,1,28576.46544927182,2,1,0,69093.25619290491
36293.059905606635,0.6672224975105421,11.118509570234838,3,1,28543.083889124067,18,0,0,79844.7317923346
42339.626433092584,0.3235452478688868,6.761692723890663,1,1,26366.22934649497,13,1,0,70281.70838990109
35781.15869845633,0.7349147472551376,71.84972907777906,3,0,9334.931891119591,19,5,0,78100.90065122768
34966.616272734114,0.4848412003330036,42.86354080720343,3,1,26315.547489524964,5,2,0,76530.57417107212
32074.734776113663,0.49829096333327105,33.847261600780435,3,0,10947.883319770619,2,0,0,56321.64747215351
38377.68205920914,0.6843900921191934,10.74169062790118,0,0,8928.381955900963,11,3,0,51231.27419685295
10454.439948774463,0.942652559322034,6.101873796957385,3,1,46834.34871503488,18,3,0,22999.76788730382
44400.92568234964,0.15760571194775885,42.37312457847659,3,0,31432.6506179421,6,3,0,72387.99623050341
43976.6458040259,0.8422689136123068,19.28263166020041,3,1,33996.03273185546,10,6,0,96748.620768857
4374.62230262428,0.36314479937097377,7.677346377100026,2,0,21884.302505668096,17,0,0,9285.647493249451
41813.38727654384,0.49952750905574006,28.762013231653114,0,1,45722.10191999862,11,3,1,77048.13698827647
9056.883771251923,0.11972199589750807,1.2350945294378188,2,0,32982.73301024428,19,6,0,17992.922663147172
18750.586150179668,0.37094147005088174,11.843334076302174,0,0,39150.98386760861,17,1,0,25659.80931133526
37944.888045705564,0.5523681183671174,18.964779612704906,1,1,20322.43604430255,4,0,0,65936.88432345906
10555.715114270486,0.15055846961269512,4.803595491633204,2,0,48120.5583984989,14,0,0,20968.063051837176
41444.45013359592,0.5419861564448486,125.30794641691602,1,0,41561.680637440804,4,0,0,46089.03007602334
42110.30636401387,0.9343995659725846,7.037412278878274,3,0,43135.57776168355,14,4,0,91859.35176551227
26850.9834867593,0.1948538962970247,4.190041389998561,1,0,11093.130569010451,4,6,1,28492.86994044758
3300.135970691178,0.7879966552679539,6.827158035114548,1,0,15735.270769947318,6,2,1,4157.823177079375
16490.7922592209,0.46870394803839344,43.96806747594876,1,1,16424.450185128124,9,4,1,28311.168181887588
31995.565163659885,0.6896563430719043,16.627950975589208,1,0,15732.733492602945,12,4,1,58623.59134158921
49115.7503672889,0.33421293818670644,25.000976660025824,0,0,43204.18361890153,8,4,1,65883.35147385676
32695.235769783412,0.24354303628722246,0.6369896970989184,2,1,4498.585374803829,4,2,1,56298.332327365395
15210.76831001551,0.2444163528441038,1.0511410104580214,0,1,6576.699482096392,5,4,0,19870.58813071762
32798.26804568173,0.1634427510788302,17.70827249381821,0,1,15873.998919605474,6,3,0,47679.10563654004
28379.312846645207,0.2670820344111187,50.89160944666738,0,0,12394.029808523852,5,0,0,29978.922944617858
39652.73357210375,0.6977974464900715,64.9470755146967,1,0,13897.401852493873,19,0,0,64554.45582491845
8028.090024867045,0.8935215506591573,2.7209416911285986,0,0,40503.3298949051,8,6,0,14644.560883006023
38768.311417595316,0.8327131170320456,23.18929896579151,2,0,29466.949912926204,9,1,1,69026.13263749582
28439.52919777718,0.7166208788870356,73.33472170918631,0,1,3271.2210807694955,15,5,0,43530.86822583472
48260.62418137275,0.19938867706999241,14.72935435509145,3,1,23178.169988097176,4,3,0,98488.58627753433
19067.991803818244,0.36026870166635483,53.08218494705273,1,0,22170.59156196687,9,2,0,26215.495979752905
32733.228977295563,0.37882618779022215,4.305569814655689,3,0,8355.427663893546,7,5,0,61015.21065502143
46805.32095897082,0.3249612517578591,82.18366717713822,2,0,34778.66406426848,8,0,0,69798.46970013554
7817.957215561925,0.5635050937387508,41.76011699051769,2,0,35998.56785383608,15,4,0,12285.168002663384
47049.7389001132,0.5819984333917053,85.07704894928402,2,1,36881.98129544859,19,6,0,103509.42558024905
35330.62894813823,0.4211973776539992,33.86755865755789,2,1,37238.134441253824,15,6,0,77727.3836859041
6188.34177794308,0.4184102428627924,13.548598221459313,0,0,3002.4828658179495,5,1,0,9809.402277392888
17145.287646500365,0.8457000381154732,83.50641927635637,1,1,47834.27778079594,19,1,0,31870.099790364315
36284.088166328234,0.810363563487717,9.670970708638453,2,0,41267.81205156916,7,0,0,60078.01116087827
6165.47826903227,0.3770162485126711,12.111762160845672,3,0,45487.13973969641,6,3,0,10892.605661409703
30362.011628284843,0.9224095994859334,36.20013504930501,2,1,3735.2348794494046,19,6,0,66796.42558222666
19256.50367678897,0.9575335153022554,43.4854988063027,1,0,46891.36340192975,17,5,0,30151.44956664573
32183.029335071424,0.39406828782703673,79.52323446017414,3,1,41060.06084834092,10,1,0,62337.65094327234
5149.875589188104,0.41898245391374944,6.874939594248212,3,0,42349.299719058836,19,0,0,11329.726296213828
43962.22988916169,0.5550707380797629,47.98433564972192,3,1,7384.50708193252,11,3,0,96716.90575615573
48753.98155133765,0.9470087312803062,40.24491370210375,0,0,37722.56735917409,15,0,0,91114.46223094824
48537.2591984275,0.8886874898280803,1.9776100622147028,2,1,48116.08441317828,10,0,1,106781.97023654051
38233.63609191746,0.19231116632523082,14.692632730208542,0,0,34891.72504665355,11,3,0,51212.5091420294
9114.053286139702,0.45345766894427464,9.970571244079458,3,0,29816.386017356504,3,3,0,14500.27435336264
38638.37020866406,0.5980340707747946,10.893314991317569,0,1,47444.59485420286,3,3,0,48714.562821097155
4155.58507356367,0.552819225296386,122.14266224035916,0,0,23818.04472151849,18,0,0,4271.970035041852
4039.8069218628707,0.2744767611432034,30.881885995194025,0,1,31166.7976165925,11,1,0,8887.575228098316
18209.680300028438,0.8729350940513392,37.94101470915831,2,1,25387.89979423521,18,2,1,38485.18511287273
25966.22994901929,0.7092467046971536,112.67319816682392,3,0,46843.77240393406,15,2,1,54317.246642572005
39209.14863696628,0.8541175373666232,14.205981030986223,3,0,6575.982157978841,7,0,0,63833.5357915495
35114.88270050574,0.872887851414525,48.560440316586124,2,0,26552.625938791363,10,0,1,54074.4459113077
23957.42719970717,0.7735202682991658,17.102992163373365,0,0,35286.7647451156,10,1,0,38253.06696232355
15860.453315238296,0.49528954112474566,61.09920321250223,0,1,40219.60730584514,13,3,0,25137.153612596074
49864.85150741242,0.6494920795138821,5.977594201476893,1,0,30401.876429874406,15,0,0,95508.2971177445
23030.52120509073,0.24432886550776883,88.51483925875164,1,0,45719.13397370834,18,6,0,42351.92901837385
24215.190143494747,0.7062808757274169,7.406635952505333,1,0,47273.59800354197,4,4,0,40887.582949306874
10690.319596008452,0.2613279301653527,11.845571498750063,2,1,6023.003490098426,17,3,0,23242.3035820949
40356.04879124668,0.7245546314591411,42.34125626704776,3,0,21911.415358444596,3,6,0,78305.72004647928
35603.06461172996,0.3066383446785718,15.014139530971109,1,1,4102.574020894259,2,0,0,43522.87600941255
13376.171801071738,0.20579617013519796,28.110984332146646,3,0,18482.58289659882,4,4,0,23343.06381159769
6871.9091439446065,0.2487560411286617,17.640569814400855,3,1,28232.8062446183,1,6,0,7449.54533634042
34983.46719751152,0.10179292169716325,40.68691763151863,3,0,45807.3617339676,15,5,0,59591.68087827129
33762.02707121336,0.7468656560681772,7.775997132570158,2,0,42788.05315587393,1,1,0,59751.99244919681
15843.197768915838,0.7591609441525412,1.8070892597679158,2,1,8992.48715358333,6,4,0,34556.148498736235
47690.587425769285,0.5634400149219335,10.697222648162208,2,0,7372.427612822098,7,0,1,82769.87755270187
10099.720913702311,0.24522652094984534,19.291231614814684,2,0,30695.56492156335,19,2,0,18384.44332178285
23319.73564900229,0.17519890375962077,5.518408189334705,1,0,28009.544705562785,12,6,1,40278.431299857104
47349.948247877146,0.11721606979355831,13.145721958780674,0,1,15519.749147211121,1,0,0,66509.14926929449
22727.18389552775,0.24917335926869866,15.323919639673685,0,0,45274.29497403026,7,2,0,27808.882245737896
33010.71954021202,0.901769981484832,1.7731383460916073,0,1,46586.22124469301,19,1,1,69775.52060846864
21686.93670425133,0.3173831575315136,26.262184048666857,1,1,21922.737601987646,13,1,0,43147.069891711966
15888.114510387491,0.41884419449549415,64.71390195116774,0,1,44844.22018433545,12,3,0,28256.751024472873
49246.94945411193,0.19481093603319988,4.937145613474087,1,0,21045.598030359713,12,6,0,73784.5221133965
22238.698296807022,0.3001251742733533,27.324771772928468,1,1,37630.39109599591,13,3,0,40644.1511229003
45022.66257291932,0.5673021137021846,32.785396716659164,1,1,25369.284224743034,14,2,0,86220.66899264356
13807.86647688105,0.6469774147860873,16.307421904078037,0,0,8761.4083558376,12,2,0,18800.3431237626
13015.921089178915,0.32081708274959,36.22914414028293,3,1,46612.90745814001,12,1,1,26420.923922690985
4463.3018955720345,0.1519589433026055,15.86620246864955,0,1,24342.53988874422,6,4,0,7324.452040261043
33628.3407926666,0.45192958221465884,21.07395099552186,0,0,37520.890895152974,10,2,0,51507.71925334499
20320.738155016774,0.31078303383370076,0.22140634324041042,2,0,20257.169278270732,9,2,1,29174.939047202908
43624.83774246294,0.29759853090682176,35.302415649090335,1,1,3887.401293083029,2,6,0,68704.31252298584
25240.865614503185,0.9638765224421098,32.482996056054084,3,0,7724.926858516288,7,4,0,55428.75551578284
48505.09111199192,0.6546704373331517,1.174728826878521,2,0,26322.315536026446,9,3,0,88976.07206856449
11719.699238046695,0.6011905988548863,13.777851081303039,3,0,35428.32478493903,12,3,0,25484.650648585983
43825.288893913705,0.47419759317098975,115.94250660211569,3,1,18732.560349226114,5,2,0,76798.6297028429
39500.05208121186,0.4860499000871299,16.379937538685574,1,1,35687.95758134956,1,6,0,57130.10955312399
39233.326698270444,0.5868145034542728,20.91136739150723,0,0,35835.87270330193,15,3,0,53402.56792449886
42704.81172149372,0.7267868263324965,72.2150966745745,1,1,36084.98764440805,8,3,1,82413.44367804975
38768.12757432095,0.7319314865636465,37.89702498484664,1,0,26148.527138963895,1,5,1,57320.67493136138
32432.355116676525,0.25452451693490463,26.173249150283972,2,0,45999.64905571069,18,6,0,59309.10980346115
9168.509251072217,0.5501014768689643,47.955633740903345,1,0,25992.23634508893,13,3,1,13135.255195166135
4528.73043608884,0.47076228553069177,59.933914858980046,0,0,24162.464094341994,1,1,0,6609.471056753198
46279.848847337285,0.8834742696424458,18.31319552677945,3,0,12370.898493499468,5,0,0,93261.65241291109
31982.56478247469,0.6682770290965387,19.336903412695087,1,1,17459.789105747815,18,2,0,70361.64252144432
40437.252675880285,0.5792536597743836,14.635299340914136,3,1,4989.721148360257,16,2,0,88961.95588693663
25631.550521089852,0.20385517796102565,102.0714685180646,1,1,32776.15879996,10,1,1,41062.151707345125
8513.48488123254,0.6450741003910703,35.837139542639456,3,1,14681.179964573364,4,0,0,18729.66673871159
8883.73223351987,0.20548351511221008,2.6067327844405654,1,0,17295.29696081686,1,0,0,12584.923272496899
35221.568499761655,0.4034859180091769,59.62439028697771,2,0,39228.282518223095,8,1,0,52571.636747315635
23224.377060274746,0.2285577683328987,19.650115706485323,3,1,18379.395608588333,5,4,0,48635.604912168164
12424.662154915826,0.7228662823219321,2.136951123397799,1,1,14383.206924617682,2,4,0,21542.29882589801
26104.943696847535,0.28562690245253736,23.936387150099893,1,0,10945.714209284171,17,0,1,38302.047111748856
6017.8200425313025,0.4526734358692234,16.195497433777298,2,0,39418.34490255193,7,4,1,8224.237441560754
30352.655889976744,0.9061072998569007,63.05046847318853,2,0,9096.194125531263,17,4,0,65227.851959421154
15642.69000844959,0.28388474505907324,6.844479413266266,2,1,24326.426731766616,6,4,0,30657.142628997422
40485.27772994784,0.5570245575629013,52.54121161572433,3,0,26825.71545562814,15,0,0,81847.27193983686
17587.012069407967,0.4773444950494198,24.472239787062716,3,0,35307.32589622859,5,4,1,27182.592125281342
24395.347006844655,0.11631163694115676,1.6847417682229175,2,1,32764.32366965079,15,2,0,52081.63681618611
3546.16537568073,0.8134823022155315,107.10123068135893,0,1,41103.871628423214,18,5,0,6347.354535409276
6405.003726344267,0.16214131568313978,21.561042439532844,0,1,5103.317394533193,18,0,1,9223.488134313735
21447.197151114186,0.5268295188792582,10.311782344652624,1,0,16932.71406463167,6,1,0,29246.241764102426
25557.125231704806,0.6046104654450549,19.012791965322794,0,0,16166.303582442848,2,4,0,35417.31634861118
31200.965761607276,0.6655838109531284,58.52781594141686,1,1,9862.794562829087,17,3,0,68642.12467553602
16708.141199337253,0.719768466377088,10.911121612713952,3,0,16591.377931252828,4,0,0,31045.237184617272
35664.1486479475,0.3279451451704436,6.420920862301187,3,0,17558.96976471646,12,6,0,78461.1270254845
43425.752667892615,0.10898089899260444,4.145853134325456,0,0,27528.56971059148,19,1,0,68195.61187739829
39652.99647798744,0.7510992961194207,10.608648234530904,3,1,34194.11050953403,2,5,0,72430.14888158963
4862.084791372786,0.5820909394128208,45.43039001928156,2,1,20911.72413975526,2,2,0,7421.572576156171
25583.82652111796,0.8525059328865239,19.138548115816477,2,0,36815.100871728915,14,6,1,51812.687814137316
7931.718385654219,0.8392495266106248,7.742983695145202,0,0,18799.77091324026,15,1,0,11621.197174584724
14376.115745538791,0.8589935510090948,5.452311699107557,0,0,16643.332833793735,2,4,1,17128.786975455583
49373.14188355588,0.5365851939815861,12.136791985488912,1,0,28435.838625280143,4,3,0,81576.02066532448
9697.290516371122,0.40026555625317906,84.3645317567342,3,1,4114.668934372158,19,4,0,21334.03913601647
26447.743212213736,0.8124023823322329,12.60335759269224,1,1,6750.088810798017,9,1,0,50219.22983674232
32053.3195129516,0.5061647017263294,132.99726353226947,1,0,22644.56854856677,7,0,0,49779.08138563347
36015.85361557289,0.2650979767630911,19.92107896180724,2,0,47316.89743541255,13,6,0,71850.59701548137
29303.488123884963,0.8694766176053269,5.9229553900094984,2,1,36911.05365264091,12,3,0,61059.84696864114
3459.229828701632,0.8943038890951125,66.53080407605304,2,0,7141.948766526214,3,6,0,6940.856246579559
18343.68148746762,0.5196787805261531,18.505333633903444,2,1,42776.94660070106,13,6,0,37815.33610763595
27332.447239081437,0.16812975457880874,37.10225098317158,1,0,37418.13621858451,15,3,1,44285.778150074286
7129.725459807168,0.44904348092523816,123.51903150336965,2,1,31714.4867080247,14,1,0,14446.44205120903
19479.465766831494,0.823183893516343,1.544336721257587,3,0,41553.769148631334,9,5,0,42135.9927758796
4560.546113194228,0.9115966256916058,3.0508359674055594,2,0,21993.162843918984,13,5,0,10033.201449027303
6693.189366285975,0.28312546824783624,38.23794681629619,2,1,13410.549390131078,4,4,0,11007.690209811188
21655.393981475016,0.16027625082274438,9.931260348900643,2,1,27065.099288111687,8,1,1,34899.09568091926
9237.640440023835,0.8896154078195548,6.111310537660319,0,0,28795.56251289327,3,3,0,13903.784950338291
29674.419868293233,0.4504644450809878,1.2047252046000037,3,0,28301.33948446587,2,1,0,45278.23904181751
35404.853549451494,0.587584867840807,0.6626665505618586,3,1,29558.468199564948,19,3,0,77890.67780879329
40627.57485812689,0.971259230845683,44.68113833457685,1,1,47589.1311572415,8,6,1,74085.76777067226
12407.061479506074,0.15990825512280057,4.3311296762011295,1,0,45405.544285522876,17,4,0,16983.61529301003
10871.681366176279,0.683486206706886,18.917603086161147,2,0,44158.70071827015,13,0,0,20669.566272895845
7914.688495716812,0.1666948803173804,27.934275406923188,0,1,40666.590112705475,7,6,0,10411.953085290053
32912.221728550925,0.4379220356198503,16.776945383221854,1,1,47341.12104146841,9,0,0,54533.978905622105
36204.35914488435,0.8234330906741021,0.8244244398091567,1,1,7629.248158931953,12,1,0,76701.9119387933
4484.548806805175,0.490125009480071,45.90515015770599,2,1,15460.793287949757,14,3,1,9644.900740965857
47001.97557345342,0.9974641185126554,0.3170663670493626,2,1,26267.62944576549,14,0,1,103404.34626159753
5442.650331619203,0.6031533564519419,43.05066250872831,1,0,42787.12117680004,15,6,0,9158.358782479056
28440.927759150312,0.38904593737235815,67.13328712991117,1,0,26742.788441568428,3,3,0,35400.49528079552
36325.844414193074,0.29810019331427784,17.01341066769282,3,1,38157.63274905467,15,4,0,73316.6429845059
43935.548816066024,0.4154684808575456,23.006554896750494,0,0,9531.115546699062,19,6,0,69365.0274497921
36562.0858102241,0.4352799463835958,19.44426184032661,3,0,14863.449209898328,14,1,0,80436.58878249304
40681.21990428022,0.1618423099515649,14.789994483680156,1,1,37393.476466770604,8,3,0,78772.374697933
18954.159049511887,0.4326167794840958,65.52394456539909,3,0,10742.498417723029,5,1,1,24226.306258491575
41296.780346086074,0.5178146677653025,67.31067371051273,3,0,19513.72892878156,19,3,0,90852.91676138937
6765.397780079731,0.7504639770149242,12.275898253991178,1,0,15448.714117237858,4,6,1,9451.895960928665
45056.3828348448,0.6910565362494472,28.6407942110476,2,1,19443.499628456488,14,5,0,95915.76117615704
28736.841679225603,0.7378890897062388,78.48091100716444,1,1,36291.230306664605,16,5,0,54011.0003079451
41412.995188237204,0.1075273136891714,98.15129253735088,2,0,20288.81751371165,6,3,0,60849.98902930926
24258.959372360106,0.29590065962248246,21.336832018137137,1,0,29097.37616257319,6,4,1,34529.01244108037
33248.15167423667,0.6955158595598708,18.08958734987242,1,0,7696.798221557254,3,1,0,40497.09459928955
27740.92506399732,0.5355904313617724,9.80076777564578,1,0,40835.83158202751,15,2,1,45521.856272247634
37384.7075225006,0.10478212810151136,95.73189122828225,0,0,20384.76540546187,3,3,1,30938.57277376173
6836.60915543771,0.8240451781886401,4.6230210888340375,2,0,33481.1054745671,11,3,0,10976.616151220438
5836.547947556499,0.7955286159613036,26.01284636078098,0,1,37093.311278106135,3,5,0,9411.186031379375
14613.851998476883,0.5935772466942064,9.961571791861573,1,0,12854.063339249918,10,0,1,23617.392774093463
10498.599965319852,0.15981699319864492,9.813829204956965,3,0,44579.72429280745,18,6,0,23096.919923703677
43973.82762983348,0.7898635445793262,15.574232415130348,0,1,31962.539825526786,1,5,0,62131.771270160694
13303.057405828084,0.6253422289582276,201.58692484571313,2,0,23150.08166231963,16,1,0,22070.94664936348
48865.66702349917,0.8037639794421633,1.696040939587006,1,0,11569.753628176319,16,5,1,78441.530978251
18834.102213242022,0.7765722931562564,25.921041578457313,0,0,47288.14408135672,10,2,0,30949.258480630717
11559.542037368867,0.8227018647620534,2.585440455185219,3,0,38488.20559418638,1,4,1,20886.709779624307
40115.82983569652,0.5662072597641623,5.0355524173692885,0,1,12777.154448462697,4,6,0,56422.47536629166
33959.26544854118,0.2262920663741635,17.371150156035785,2,0,18872.406412038552,3,2,0,46835.7921286908
26415.19867329753,0.7040417260417198,21.4286811785775,0,1,41054.69013013945,5,4,0,43813.219650918145
29102.086894068667,0.6584264065467735,8.984236267972621,3,0,35696.85017112093,12,2,0,61520.50867731286
36802.483578796404,0.7680278684791785,11.413977143303425,3,0,38991.861757639046,12,6,1,74785.45644866125
13737.37284257104,0.2528929054456618,2.7294982994213774,2,1,23736.451804007822,13,5,1,25739.768475739565
49827.69405466687,0.2754776799102603,10.838557388265587,3,0,36674.384344181846,12,2,1,84447.47719011705
48815.2786208988,0.9013685654973956,101.93867467837526,1,1,21165.204974603945,16,5,1,107393.61296597737
33565.307258306035,0.7749800186068637,86.85347590485972,3,1,12929.357096095233,13,6,0,73843.67596827328
12378.495193669822,0.9174056398302907,12.233556981672946,1,1,32735.82063754392,5,5,0,26343.57780036654
34970.727394270696,0.7828437890475286,25.37873829383567,0,0,48872.65450314333,4,1,0,51649.022392958825
6393.325222021265,0.6374397753912717,72.10380088792787,1,0,17598.24565558049,15,5,1,14065.315488446784
4440.667603672885,0.6887194633250863,0.1860906498581899,1,0,24665.570833989364,12,0,0,5444.488911293109
15111.095760027043,0.900215131546009,49.930062986005716,0,0,34678.06444028312,19,2,1,23048.8121246201
24743.278966747865,0.6209260790607465,88.90931154847904,3,1,28450.79525975693,19,6,0,54435.21372684531
43808.807754193884,0.6691521918955486,2.873057778790255,1,0,42641.10639832531,11,3,1,62872.31603921221
37176.946279016476,0.24082904440324054,5.282349291665879,3,0,38801.90720406725,6,3,0,70412.50219811744
37907.20649639911,0.5265290981044924,97.13128926845482,0,1,5739.96858153078,9,3,0,63694.170363546524
22998.18671905954,0.744757400762289,23.135865685708445,2,1,49925.79799441738,1,6,1,41000.47776271175
19258.944649707257,0.34384842848472885,0.4289511212852741,3,0,38362.91532481496,12,0,1,33270.195857833816
20438.821860276326,0.2820287624720814,8.937306006654772,3,1,43603.45586582332,14,5,0,44090.379260722686
49419.52949559472,0.382444127401974,17.932037867368628,2,1,33606.292468481275,6,2,1,84692.55054882492
4885.131996386676,0.3173505651935501,35.41832605931914,2,1,43245.40101819783,1,4,1,7857.017705376174
43750.480317755086,0.2934213733327563,39.63322404701145,0,1,8281.999821649342,2,4,0,55748.610603562505
30197.74420290249,0.4823657585812783,161.59160005491148,3,1,19343.678271287834,11,6,0,52698.66584460919
23614.924701910753,0.9170546624951806,10.169732561886399,3,0,44191.78434941116,3,1,0,37795.49728483344
37087.11003951142,0.5563536820648465,23.180007371726596,0,0,12477.794929543936,10,0,0,61743.73278729692
25873.440246961032,0.2691283427337907,22.863572501833968,3,0,6677.378633261069,6,2,1,43521.55574049302
44050.89218983804,0.1692745024427867,15.608367946753079,1,0,40041.59017742529,6,5,0,70327.66087353762
45332.98760852915,0.7265405306241327,5.559609636233668,1,0,42267.84931523492,2,3,0,70022.78312962974
22820.883563052404,0.4445188879927491,113.76933917034208,1,0,10644.654254925328,10,0,0,30837.79173293053
16010.906470047425,0.8396478519268233,57.584482676635766,3,0,43154.26119078763,6,0,0,24271.670507412076
30840.465443888024,0.6935596917766932,20.694563472483033,1,1,35278.08639306697,17,2,0,65428.40851248153
45881.07724398447,0.8166173054872317,27.733121478416678,1,0,27443.886111179443,14,6,0,89763.37846338982
12901.12288326633,0.3447514354766039,7.73442006774383,0,0,42021.7590607251,5,5,0,18224.943539828317
32279.42942748369,0.7231230302149523,23.543868826803052,0,0,22704.71471799139,17,6,0,49635.48572830558
32683.330344348466,0.3376557862243469,35.62036748931311,2,1,12117.71594249967,2,6,1,46888.850179341985
37456.3120535182,0.9451616315052624,21.718525073577684,2,0,16388.07580069884,9,1,0,71412.72133302334
9183.681200981211,0.672736853380037,139.02305265691012,2,0,26742.708859785795,12,6,0,15355.087261290888
36643.773340058164,0.39206062015780785,28.351638449566217,2,1,27972.54725563926,19,5,0,80616.30134812796
45724.52847128513,0.3425606760630454,13.907466923210535,0,0,40862.29884273798,7,1,0,55442.96768983183
11445.106116901372,0.27183392656447913,44.37229980654919,0,0,40193.578011659716,9,1,0,15399.861278466404
14164.536271422248,0.725176863004355,5.606609291353556,0,1,30324.22818861502,16,3,1,26401.480438706723
48655.569419957064,0.29684405169813455,14.560380784291,1,0,39696.91771817739,11,3,0,77892.25380293619
11505.91677734602,0.6357729393347401,12.78345865661309,1,1,12013.352539802536,12,2,1,24107.45978642007
43156.09938837022,0.3381715242328216,16.958828898903505,2,0,5353.0327733848335,15,5,0,77300.04140358993
26137.059253057636,0.6957720503144817,45.6675225920528,1,0,44060.7896638309,18,6,1,53371.69136779494
14619.86049694932,0.8334457556864853,19.859517101624686,3,0,6551.06120685017,19,1,1,30927.155309986178
43925.24535980803,0.8002227188301878,47.39847778725347,0,1,14594.356197967873,16,2,0,71933.60881049666
23929.346985125278,0.7847661978377035,25.77526687481754,2,1,35679.990632346075,15,1,0,52644.563367275616
27196.41563469544,0.2689501651230269,12.559676310615723,2,1,22244.05306848353,5,0,0,44442.480443414395
19883.968361788986,0.17954645228606686,49.81858013187258,3,0,44186.75658602891,11,4,0,39610.01826854564
30868.69001744159,0.729053945638647,8.16566821955241,1,0,17005.050349126668,15,4,1,63846.60037101845
10685.62201149607,0.4315124924149162,7.622892338853117,2,1,3557.953293459887,18,1,0,23508.36842529136
21380.832222632755,0.48911160376301255,21.06581479350492,1,1,17130.815106354974,13,2,0,45157.79380432051
48562.37914975851,0.12803418351405196,9.067601444808712,1,0,30169.52731168709,4,3,1,63415.88606930381
15132.271336952994,0.3336188043475443,0.2738572166596967,3,0,20669.103643954786,17,5,1,29287.238759201577
33866.62323344073,0.13030876348701761,31.349091264465542,2,0,28139.019520661495,4,1,0,47134.9779408903
18283.93301856066,0.8912671953411229,21.467540156017254,1,0,44200.11158524588,16,1,1,29129.784413085537
39353.23690727023,0.3190570148966774,17.691617995111148,1,1,45886.79754882732,15,5,0,86577.1211959945
9151.062053762442,0.6016034526157072,102.30882209720484,3,0,15500.78103874327,14,6,0,15576.635136352174
48581.589118691605,0.1350813885950174,25.402882984673774,3,0,24720.602243685335,12,3,0,86997.10765800874
24328.108445031045,0.7001626521750922,59.727885849915864,1,0,28809.768716348204,3,1,1,32795.7795945267
14094.371777283806,0.3907246111786845,4.505515012434222,3,0,47608.285473747615,10,0,0,27956.536294299152
6454.347124510595,0.9081272682618993,25.263790093024273,1,0,49935.01400072608,8,3,0,12055.818461865527
10978.621539114414,0.8993063700406322,60.743970760731244,2,0,14064.140695551752,6,0,0,18717.89593640265
27429.37558213283,0.392761556525573,26.247681117871288,0,0,37168.05395325332,14,4,0,39165.472995598546
18839.149292270456,0.9108648061214211,37.97695459062184,3,1,20767.459924960174,17,5,0,41446.12844299501
41957.51819648265,0.9965419061489009,13.95853471253025,0,1,3381.0852536520215,19,3,1,81420.9697955617
23251.71361210488,0.8428740977115533,2.9101825734315576,1,1,3434.8685544874106,16,6,0,46417.3366621871
14689.570811618605,0.8603842129797061,18.369160113913175,1,0,24646.60235542602,15,3,0,30692.068594776294
32005.814370389413,0.3241078624981809,15.050000399054465,1,1,25951.740911203728,15,2,1,63070.34096352837
36218.529193615956,0.6190321589719807,60.535762567764614,0,0,4060.7757389518047,1,2,1,43425.46808016043
10850.969671344643,0.16053032257063107,8.391230670072858,1,0,35285.58858839222,12,5,0,18695.46954102035
10878.10316555093,0.18542614313950273,102.09678793520895,3,0,16818.159263962796,10,6,0,21781.912727204854
4723.55706587652,0.9990033508299615,95.20138940077315,2,0,29314.97577218962,14,3,1,6677.483543999979
37610.89470808511,0.39397532448331984,8.535877158653497,2,1,17143.196438774685,10,4,1,77056.67626150188
34198.81279822484,0.7733655208439617,12.833712196365475,3,0,10855.312798857438,10,6,0,75237.38815609466
25307.651160241254,0.8259985477241348,67.77305266140935,2,0,22137.165714147137,11,1,0,52918.34105419299
42676.01110155226,0.8722209439065063,101.9959469009373,0,1,13916.848145153535,16,5,0,77190.12300517305
40866.4971886525,0.9978654676619408,17.579360561621723,1,1,28135.645915200897,9,6,0,73317.5761204326
30511.65512664735,0.3173468367311811,11.613894011657207,1,1,12344.940923464557,15,5,0,67125.64127862417
43808.75018412316,0.13631574417372974,22.402389514566135,1,0,26895.08090229747,14,6,0,67015.4830904809
12674.536871728107,0.4700723661951274,34.920379243387664,0,1,10396.790198836774,19,2,0,27500.810649761963
8260.22211169321,0.21707260284605226,9.584451538697778,0,0,34535.8113458319,9,4,1,7326.310788071147
15678.231741298512,0.12018330024584961,40.00800336240646,0,0,38435.07116874693,4,5,0,19900.32843743793
5683.082236197798,0.4243841444273375,1.5911821316154462,3,1,8188.529009746888,7,4,0,12502.780919635157
27964.967816048505,0.8053644259677127,1.5165279243671281,0,1,24986.713365754942,8,5,1,43930.422465298965
47020.46753786319,0.6095626221025637,14.646871074187496,2,1,6330.969930779058,8,2,0,103445.02858329902
4849.146411419953,0.3815001902893187,13.084218460996201,3,0,31114.57494047411,19,1,0,8573.265985051687
8739.16595847126,0.6889078049434477,11.377838107163056,3,0,15427.002002693333,15,2,1,14655.966991496116
24253.354329321457,0.30881636227792963,20.26038268940681,3,0,27798.349471419268,16,5,0,47464.848075153015
46892.12582381153,0.11294330146487652,11.602255819496532,0,0,27320.667441061687,9,4,1,63449.02919334312
17859.336933907274,0.7879180477927846,6.405374323289857,3,0,46444.65427110862,12,0,0,35579.448264032624
26840.036008354444,0.6613687763776082,11.108856219176497,0,0,28806.911460729974,16,2,0,47649.76461397545
4953.924375368429,0.786072362050864,110.5517303645666,0,1,30400.928546760835,4,4,1,8997.42668486686
9972.130445218176,0.13504421501889907,15.885650173123173,3,0,21877.69691092587,5,6,0,15543.848322693279
49371.6157790658,0.8534076650475869,17.648093397851905,1,1,47606.74134959239,8,6,1,97678.4394722772
48360.57873249414,0.657573580032673,25.779240125522513,1,1,39527.73774366165,1,2,0,72900.88135631436
3232.179103917252,0.6070558156413761,122.84372299830206,3,1,16414.048644233553,6,5,0,4093.6536093134036
47735.15391489223,0.6621526433030784,8.296380333203246,1,1,42677.85053148291,15,6,1,103946.31151205083
33038.637077328516,0.8779899221815277,34.3034677952787,2,1,23322.62892869923,4,4,0,56460.28509036874
43792.15984244104,0.6282428559030163,37.76181438880267,2,0,41947.355746078916,11,1,0,87849.30399513453
24372.773214791378,0.6228553418993614,28.043144881164086,0,0,41675.73920979459,5,4,0,34960.62258528883
27233.01334322476,0.9916112413591892,2.7824890320239204,1,0,11876.898777854156,18,6,0,54391.63490890214
25975.78927207525,0.7810571503617112,33.89122809141864,2,0,35953.63317502812,15,6,1,51448.05685337637
34342.6201046669,0.49806442490602176,1.9872298388626888,3,1,16660.219557406963,18,3,1,75553.76423026719
9563.608973546707,0.7366573000296349,27.200806689548045,1,1,16982.155489655408,13,0,0,15963.380242436404
4408.758724015864,0.45030742452260963,40.36392261496206,2,1,16928.359613387292,5,5,0,6936.551849283599
17472.70725478597,0.3059879162351491,7.108523922583874,2,0,37101.707635317565,1,4,0,22869.3545823932
36119.9958486224,0.6371666891989834,55.283122372853825,3,0,13801.823964249195,18,6,0,79463.99086696928
12487.112249778573,0.9353638883025563,0.9247206598079821,0,0,3042.5742565662404,14,5,1,27134.97414257923
34651.32436627112,0.9362255680139164,55.7010119620252,3,0,36616.13211368376,5,2,0,63682.06894867131
48585.86616704171,0.4077147502949413,18.503870345909817,0,1,11045.682960250888,6,2,0,75342.9581476184
7413.333642102664,0.5749097195995255,7.361212385475933,2,1,7910.672579468229,16,4,1,16309.334012625863
34612.29955658094,0.2904723087128751,4.308426588581483,0,0,14163.257667920827,12,3,0,53403.6124306717
23856.260307314846,0.9960679985489951,91.92493822524054,2,0,20855.324549167086,18,6,0,52483.77267609267
43802.68595574275,0.9830061170811422,2.2632309457176927,2,1,25367.597391240433,2,4,0,90741.6989495892
11326.040104027137,0.6845580367367026,6.660329035469228,1,1,5094.791913493649,13,1,1,23635.65548913859
35553.41975462974,0.823972653709726,12.823148427221472,0,1,48616.94663348594,17,3,0,78217.52346018543
42391.41861346118,0.7435901451553301,29.04606722696692,0,1,36654.96351071923,17,6,0,93261.1209496146
47396.86831527909,0.6338423971355214,23.610623410411907,0,0,18190.121070243797,16,6,1,84434.2799055298
35112.65732961336,0.14801319729000795,4.028012492345394,3,1,17978.771092413674,18,5,1,77247.84612514939
26367.213908396083,0.509287908297395,10.26321782470812,1,1,24081.499820317593,8,4,1,40321.06448366807
32038.82028945705,0.7073076719506695,8.18387359531566,1,1,32433.50666986255,3,6,0,63468.87699790162
43838.53427049975,0.7097784524953162,7.206511366779976,1,1,9879.534129681484,17,5,0,96444.77539509947
29818.658092024994,0.4358103565801452,15.887225364226495,3,0,11879.70124695276,18,6,0,65601.047802455
4428.191805751332,0.9475227879922274,36.525062671786074,0,0,43393.42539317689,6,0,0,5126.349652063992
46754.58868882796,0.2506213290131029,7.356036235670838,0,0,15043.98142278641,8,3,0,67750.79992029817
35407.757298483375,0.5503235015940046,13.703330592695947,0,0,20869.164904833346,13,4,0,47593.70087733006
34796.129131530586,0.7217955788957405,14.874042970611809,1,0,43949.7769946555,8,0,0,50491.75030572192
13136.732162692708,0.7274222253026283,112.4672026610027,1,0,34167.94798179166,19,4,0,23194.75062583446
33967.61710093489,0.683775061091934,92.81117545162775,2,1,19060.45832905935,6,1,1,59769.05599944296
21511.627065745448,0.34775939210667417,48.30378188747159,3,1,35133.87864905718,15,2,0,47325.579544639986
33607.94992095012,0.2405859118179598,8.298660660389713,3,1,3925.1111229264443,10,5,0,73937.48982609027
8009.872424475564,0.6723462941440398,2.1138750503122745,1,1,37575.205020534166,17,4,0,16936.131458617532
33918.729316342695,0.639371904525494,11.433602235957865,2,0,25889.753904263256,1,3,0,42927.31271571081
49972.44511122133,0.2614204092603169,9.309879873070868,0,1,41219.56092236968,7,4,0,68647.44380886444
5265.965826446133,0.734625231013507,21.152087128218586,1,0,47867.96964430401,13,4,0,10027.960213383947
48927.186658401915,0.5096547925602908,45.115590517689306,3,1,46512.06182624471,3,4,1,82264.3080243948
22124.67415397492,0.7009845324428376,58.6261508639293,3,1,45735.457042401016,19,6,1,47335.675588894854
43925.41216585118,0.8536303717931356,55.90361033904066,3,1,27071.987928892697,15,4,0,96635.9067648726
39772.11775073885,0.25275558571923085,13.37340886463701,0,0,19926.67936453009,5,6,1,45899.19456218877
29649.764266373386,0.11723038119715301,34.86903210033022,3,1,24856.660262341622,11,3,0,65229.481386021456
37707.112834812346,0.8011923277562081,11.255390193562846,0,0,35425.112155727955,18,3,1,69664.39119759065
44290.23138116335,0.6487276826373544,1.8851763569767894,0,0,44547.895512945775,3,4,0,66349.80579105392
21994.59511759855,0.7296756126599095,36.27612045875467,0,1,12728.356241005618,6,6,0,32648.10530591734
18370.55859347222,0.8543394774897783,0.29628485097760515,1,0,46155.07844770004,3,2,1,26884.42064361738
34376.88912148848,0.8225298413420504,15.78744767820447,0,0,41313.470902584784,5,4,0,49775.91908324182
40968.759271239156,0.9648281322359422,11.98654595314536,2,1,49006.23271337703,9,5,0,90131.27039672615
38827.40133450094,0.5823415709669064,35.464141660244145,3,1,44371.8333442393,19,5,1,85420.28293590207
40497.24149635582,0.5396460693939148,43.60451229392576,1,1,16157.054495519613,13,3,1,73776.16821553228
23472.41579620785,0.46169847990165713,10.876247973472536,3,1,7979.927833170242,6,5,0,44680.73397178844
41438.208160226015,0.2383219385597841,50.07993947682406,0,1,8275.330383604665,11,5,0,74869.44563245143
8649.825602418598,0.6153465095938202,10.440664364141629,1,1,16687.49597317898,14,1,1,19029.616325320916
28590.987604159927,0.3493112718933809,17.735395898087933,2,0,31866.635027273343,6,4,1,40381.603009696926
3270.657043411714,0.9291767609916779,38.95054051862145,0,1,40803.05532656711,6,4,0,3659.6972584829264
18255.534005312704,0.6248717238493878,35.41943176466245,3,1,45264.764428133545,17,4,1,40162.17481168795
20223.6921389557,0.6335561624572992,131.1467817859197,2,0,32316.40906535394,11,4,1,32082.64567453032
21620.116505635004,0.41943219478930904,7.653001331954265,0,1,3264.6716991585254,15,0,0,40002.27924494729
35686.95871442353,0.14679041677993676,32.569511961522196,2,0,11756.888496371075,9,4,1,53219.37498657385
21262.23075970625,0.12856938883568977,28.223797574694913,0,1,7687.131581108293,17,6,0,42153.55539942343
24088.60026325894,0.48100162973787775,73.98788945831852,1,1,20076.25035174347,7,3,0,44623.174765622265
14164.574151093391,0.17610884028751406,5.100958627340354,0,0,26563.496700786058,7,6,0,17101.688088715116
20542.834206578984,0.6461622599861252,41.80539021943432,1,1,5039.66739319236,1,3,0,30404.118961005694
13681.67248136812,0.8928757050756917,25.19855043157046,0,0,19378.4648623958,8,0,1,15734.556507022582
6440.208417116851,0.89462333486685,9.633685831110569,0,1,11421.444707390161,5,4,0,13138.232571350629
31362.08388892476,0.6931408691190092,19.29843723716318,3,1,33412.297814167076,19,2,1,68996.58455563447
34406.001532085764,0.29010864832563793,12.183906745619186,2,0,24820.80135824398,8,6,1,58146.65667790353
32116.04626245188,0.8766971482229848,25.97601441591218,2,1,26279.929405893712,17,4,1,70655.30177739414
24784.2200586269,0.8974840917818874,65.94691741559313,2,1,23101.51403757267,19,3,0,54525.28412897918
20849.9316684238,0.27698822645766286,25.270651794175567,0,0,47932.92639286865,12,6,0,32015.810290524638
43576.68152987579,0.7636834771936095,29.967549813821982,0,1,13092.550880713472,15,1,0,78755.49552655894
27396.843901402248,0.3578675940344107,21.940917595868182,0,0,27283.220212662094,4,5,1,26577.459383306435
25521.548248597355,0.8223762811176367,1.5756268941817622,1,1,37592.81631317079,12,1,0,43369.100655648246
4205.177092902477,0.9975141099132424,7.952522512917664,1,0,29171.68741732444,13,2,1,7314.690216265069
19038.64789842935,0.12702340479645355,20.318317074099415,3,1,46663.98162868965,14,4,1,41885.025376544574
20869.194082935282,0.9076292792118387,11.142141914274449,0,0,20764.512715140358,5,0,1,26881.127215755114
21744.670702154322,0.6603674802387922,6.018119515199748,2,0,24792.762871339368,16,4,0,47838.27554473951
30268.10135368462,0.976044357248339,21.04341643732747,2,1,7160.548815092236,7,2,0,66032.54374294484
28079.319696163286,0.5185085657737849,11.694092715150072,3,1,31622.95821944064,15,2,1,61774.50333155923
31571.539361291896,0.8626491375142363,8.95653354002856,2,0,16545.962517060983,13,5,0,58373.00749951038
38949.51329248003,0.15615466173844952,18.707817360404178,3,1,10534.524857231736,16,2,1,72193.00363230181
41210.329719656394,0.40175114507046616,4.291326598620729,0,0,28592.97076651188,12,1,0,57132.49480533466
36751.78458264524,0.16031488397608898,78.82691687860824,2,1,28018.582378855797,7,5,1,63737.80946875581
47909.61370988193,0.9778088201311634,60.68097195825696,0,1,6565.967137530235,16,4,1,89446.88715123956
3856.9313857889965,0.8352765165446531,36.89108868762922,1,0,35816.126314240224,13,6,0,8485.249048735794
12201.565327126667,0.8672926791213734,3.368661394938409,2,0,32317.292960590086,3,4,0,18767.94303153743
3355.4551239726798,0.9441687082905048,44.86684218273012,1,1,11883.812289085368,15,0,1,7382.001272739896
33431.31156526634,0.1765931375078068,49.50113046647727,2,1,25063.43852124006,3,2,0,61956.30981109756
45207.435800649386,0.4470378332620001,43.80011528506634,0,1,36855.17707449232,7,2,0,66892.70018710905
14443.667939086066,0.16393140013960192,3.629994809864735,3,1,27883.479805439994,18,3,0,31776.06946598935
46570.623605426415,0.28971379139502573,30.976981019559272,0,1,21587.9865806278,14,5,0,70335.45386686698
5832.56734360936,0.3064291993339051,53.93178024508817,0,0,18149.907529804354,18,3,0,9886.30549946466
46918.49325985917,0.5221964899428209,25.836567390197786,0,1,31688.51173227052,19,5,1,100158.68634616179
19526.266300262818,0.34170595070827836,31.18829417945013,2,1,47138.10882058131,14,1,0,35668.093537047534
7766.778937113177,0.190880296135985,18.3948038628197,3,0,34572.00750244172,6,5,0,9560.6361591188
25835.972681757306,0.25074198018469696,22.56827929306921,1,0,6513.057470906829,8,4,1,38517.79360708255
15068.498682863874,0.23254800719688185,1.049449302135589,0,0,24652.19375366029,7,0,0,23146.230928564215
16389.026392210373,0.9757691181210685,30.563246810643253,2,1,44868.7341809995,18,6,0,36055.858062862826
17442.62835153547,0.7833632562266263,2.5486771495027103,1,0,7439.7340126510835,18,5,1,38373.78237337804
40742.21719813518,0.9709853187426057,17.128661365799253,0,0,49477.158470464536,15,5,1,66706.20185195238
28340.58000373696,0.4957664378571177,10.387106784441066,1,0,47606.261501334804,19,5,0,50234.161246947115
17631.461860332172,0.35053163349639094,23.65196557624965,0,0,6678.900594304166,2,0,1,18299.6854946757
31685.687815613164,0.818463877488268,4.295898599538827,1,1,46870.42606112908,8,2,1,55971.97259324113
36659.0816884901,0.39362852623703215,35.29495139774256,1,1,20067.231742194723,11,0,0,65352.42024377275
15813.328034476088,0.3694450363348135,47.54404737381701,3,1,42701.33085256554,18,2,0,34789.32167584739
22436.80777169152,0.30925539298704807,5.350643237392796,3,0,22664.01687252376,13,6,1,40639.31944781265
8728.646386836535,0.2167110804018118,3.3049306475827582,0,0,23720.190297018245,9,4,0,9941.011575182802
11514.019428129975,0.3308167549150894,4.717706871295437,2,0,32809.42527594451,9,0,0,17870.281588995287
35012.53913635419,0.419787773626499,62.89825651091749,3,0,39400.43870597122,17,2,1,71815.89611596559
11527.602341694466,0.7065947873311573,22.535320563217216,1,0,4588.090094567686,7,4,0,20377.240199879456
27682.67903235183,0.15630835799750642,18.89170944916755,3,0,30878.33178977531,9,4,0,46832.41741310829
36325.174300954335,0.2894562456988087,3.385381175820478,3,1,11776.450722576436,1,2,0,63440.74521287236
8023.215385452961,0.8281212762625088,31.456631289244225,0,1,19259.627339570536,2,2,0,11006.91890112808
29663.674322558465,0.2322297312253937,60.74850794090043,3,0,19354.527309295176,4,1,0,43205.93431878445
15058.450833964096,0.4083806318702694,52.8402606623338,3,1,25045.83599039422,14,4,0,30814.51764977685
48257.56313616625,0.878193029672326,29.509373188949983,1,0,18704.41135818015,4,2,0,72199.30464894506
25726.645395836462,0.2394327800290984,2.3478870652018253,3,0,8045.972567181385,2,4,0,42082.52622178382
40881.64983943243,0.17446315205637092,3.5769221593758185,1,1,9844.550710696218,8,0,1,66752.2317044095
28860.647481344302,0.5360841955720098,1.5169853043587844,3,0,4571.585321371591,18,6,1,60971.894010441996
5040.389044176501,0.3721775601506828,8.9311325232329,3,1,25101.707010451453,19,3,0,11088.855897188303
32758.114652919052,0.6070675280354687,4.373722995102779,2,0,47859.041658090464,14,3,1,64100.02717818867
47715.95708371288,0.8234244014351276,9.035100424539413,3,0,8436.735511461478,10,5,1,101446.79657619813
31275.755546877564,0.22343363933746885,14.586822455236907,1,1,47474.43117114485,17,2,1,52306.514976494414
41501.87639305914,0.6226291760988565,85.932060687327,1,0,37467.99119240839,8,2,0,65672.51798959506
44557.703777375165,0.5549578843508776,28.277197827080336,0,0,32962.44373790567,14,4,0,67580.29352567144
13719.749281599827,0.22967090741187962,54.04952829156251,0,0,33328.05450020746,8,5,1,14456.717662234963
12966.107475686653,0.6615986369760841,37.17261487728351,2,1,41856.19947462526,5,2,0,19928.20795540514
31716.10647599661,0.3462763760746945,3.5805085497821576,1,0,8025.233625851604,16,4,0,64178.44828539017
22318.33808091512,0.5390508866896112,39.94514190801997,1,0,26723.45320758046,8,2,0,29653.35689191179
42473.48123473585,0.17404509184935568,9.651600653598392,1,0,35763.28349825565,10,4,1,70786.45298740311
45301.08679970652,0.5136256514922608,30.575283312604952,2,1,30580.560918457493,8,2,0,83908.12189506939
19610.804827227752,0.3758171212385383,12.509221290689322,1,1,42140.61633809485,9,1,0,34048.179418554726
14132.916271800657,0.8401430900668189,181.8857652510444,0,1,6396.77032353352,18,6,0,29149.01617683385
39684.69921646151,0.15128085429763147,9.177478290184187,2,1,35462.948856460804,3,4,1,55934.18746487812
15915.883670762396,0.4767465474264969,9.81891348450361,0,1,28099.303328081733,17,6,0,31402.111880209137
41662.87297014288,0.5125882817182942,80.067303008132,0,0,20820.56060705734,15,1,0,53358.466820847985
22915.697921491854,0.7525054686692069,0.7485948384739496,2,1,18992.92416499945,17,1,0,50414.535427282084
34374.84526669911,0.6168588175811899,35.78989671726352,3,1,32179.133740387064,8,1,0,74720.09146442357
7490.159750229404,0.700491103474763,38.7651528483952,3,0,44876.782608280446,2,1,0,10679.850644871125
32321.388259798932,0.7993443570865805,54.305997553854574,0,1,26320.268526752418,17,0,0,58208.3545025555
24233.08090064977,0.8759826762923699,110.00099038532413,3,0,41761.988711615246,18,6,0,53312.7779814295
30570.597769247284,0.3824879470502235,111.3975241121259,1,1,21901.349946666473,5,5,0,40976.02160075134
10896.66776400858,0.5842204348275126,2.025143727198411,2,0,7812.539751279298,9,6,1,19246.93147392709
37633.06601237656,0.8560972705952798,51.75208364094636,0,0,5890.769613556012,9,3,0,48896.11185304294
43551.46264453174,0.9905060178685507,31.180028044348987,1,1,5412.715452212846,2,0,0,75264.22437859148
13186.770604266456,0.9005673799393868,31.26770733698085,3,1,20867.056672010487,2,2,0,26110.393654377945
7498.584109447601,0.4343205363619391,4.121016828049916,1,0,18850.17428928458,19,2,0,13893.08439805471
4111.013544177811,0.2756498654967854,31.510710864233346,3,0,36743.040110260765,3,5,0,1761.0996617854717
33172.6605208335,0.5404532836659298,121.33678496743728,0,0,37912.610574488695,17,3,0,57241.645208568676
31533.419696172696,0.767477306652438,72.85076631395503,1,0,5390.136535185771,14,3,1,56000.34397948038
28694.77839756129,0.5433121636779679,17.348019226409907,2,0,13392.793355783702,14,3,0,52060.231474454406
13901.513517450845,0.5348627769823017,1.2230340448521577,0,0,15890.306957468287,14,1,0,19970.018138194126
21372.58180755919,0.8544073789736205,13.496313514539587,1,0,28737.763254712045,6,0,0,36947.28522960265
30940.387753750132,0.4252634011604677,52.52837008681727,1,1,9792.215523626663,3,2,0,46340.510606756994
26348.04236638096,0.873815207330481,36.269470079611885,3,0,9295.237311800018,1,0,0,41480.47158186009
49425.919450099704,0.4661243208565512,18.449142746536623,0,1,47358.07779277403,16,0,0,74663.47328862578
9412.668370166457,0.39540979511050545,1.7003340562049956,0,1,40797.53664299571,4,0,0,15662.04284654469
35671.79404023691,0.5085909200797292,16.70057574197361,0,0,11490.780398285004,1,3,0,40333.04797538981
22002.98210090173,0.7862022628073816,18.991206788905345,0,0,22108.686971558076,17,5,0,35008.39802767261
23125.381901503893,0.21340182507759486,79.16504444674199,3,1,19714.23396510558,18,5,0,50875.840183308566
36727.09498593428,0.2767772942848157,30.740182863239834,2,0,40177.191481074144,8,3,0,62840.99558689073
35544.49911224537,0.9563003430967828,11.203862599507294,0,0,26980.007074471738,2,2,0,47165.13741285815
49589.03170400285,0.2579424646432217,22.353321898223076,3,1,9008.93763869295,18,2,0,109095.86974880629
9034.531604343887,0.6109545861379491,2.050141757709573,2,1,37732.626968343466,16,2,0,19875.969529556554
7893.153521055818,0.6213830199957441,107.88160962543839,2,1,21653.73497657119,10,5,0,14124.293084126382
37043.924405050835,0.5406620158452203,13.391421113268889,3,0,15357.439638710912,8,5,0,73988.63825168618
30184.185099301227,0.6802707237191368,19.495008420540152,0,0,20648.435234973847,12,0,0,48396.85955458929
15885.551328310876,0.30684405321785657,13.168359878054414,2,1,26394.55848952413,16,3,0,34948.21292228393
6732.710342482371,0.5973960409990734,34.41943219739273,0,0,19126.429271599445,12,1,0,9055.184504435962
7025.937731032235,0.4349559297222074,32.56189435374297,0,1,14369.571311812619,11,0,0,11093.652513186587
45026.97110921356,0.6955005336662702,37.69192958450222,1,0,21729.595353787077,19,4,0,80602.45762447739
12017.764261780916,0.22710118903583454,9.365113591056613,0,1,3901.1268052452174,1,5,1,16564.516510161036
18198.463419429478,0.6137896751555286,11.379384063499764,1,0,39307.398766526756,3,0,1,21291.938337739426
13652.850904668438,0.26674331984499133,4.014556653135909,2,1,11034.409997676532,12,3,0,27815.523918645347
19684.826374101052,0.35077875680353277,31.97070404398948,3,0,5063.516840639951,9,4,1,38195.93116291604
6262.920609066388,0.2968388202912249,1.2183207346306577,1,0,33723.83856653872,5,6,0,9273.271007866642
27395.810172688707,0.2645540018819354,27.315398768223602,3,1,39374.998054712596,1,0,0,40860.227127330116
6177.7904888341,0.8431398564046003,61.13652639733176,2,0,41249.96918486363,10,3,1,7539.393406647431
40616.755867650994,0.3571368108948013,66.4460597181517,0,0,26194.931585048198,17,3,1,57831.40825720628
13984.467849790351,0.9344114036780043,17.882670083836288,2,1,12652.30468042931,4,5,1,27379.344423540882
28380.559986411998,0.9729338728106718,18.4469251139814,3,0,37649.70083074186,15,1,0,62437.2319701064
44363.717115388536,0.6141344229433876,2.4027797153903316,2,0,35886.51462625385,19,0,0,97600.17765385479
33591.23634521813,0.22870101039915378,33.329507242871,0,0,14574.724502849142,8,3,0,42853.47456731441
28049.015967912757,0.43709341904162313,51.65459400550005,2,1,45460.16452555127,15,2,0,61707.83512940807
18243.686396422654,0.8179590370133926,8.41742258260026,0,1,7905.458529892962,7,3,0,30443.760427543097
18651.089913735304,0.4306516558273634,16.409177816271267,1,1,49186.3472607923,15,1,1,34985.26518528301
34465.886894314935,0.17831549647250988,54.760605098607215,3,1,43431.64711594084,8,3,0,59055.21064800995
49724.549977394876,0.6011064198353692,62.896524463063805,0,1,35331.23633751653,10,5,0,94225.95481833011
34106.4419229208,0.8606087663464312,8.35889425365331,0,0,47121.244749152145,18,6,0,65113.81821281505
29215.82061639117,0.8163337484291522,23.993297329981072,2,0,36948.62491121427,4,0,0,45411.17978788978
37340.57398124457,0.2576108261173179,6.414112252096941,1,1,11951.478860412159,15,5,0,68740.84427688048
24864.663777334754,0.70548815297122,3.223506397991761,0,0,23781.33849130215,11,0,1,32492.26581673558
5826.690102236906,0.2984538370920824,72.61421324670957,1,0,6360.6421435868615,3,4,0,5583.461492978438
29427.95034626176,0.29638678109695504,51.52865634704179,1,0,21313.898847541423,15,0,0,46762.071816595635
48008.388371752866,0.8866645959746666,42.81785371185475,2,0,37855.341927648806,3,4,1,71858.71298050918
11239.238290810003,0.3247020574662072,1.4998657523670387,0,1,21162.83749374842,15,5,1,19913.22069391606
35430.22986857129,0.3369226118662101,55.68486818763909,2,1,18523.826247002304,6,2,1,64168.1142015581
12443.883366975655,0.1005880516851696,17.28995577125704,3,0,30981.71895798466,1,1,1,17939.64543084421
28183.901170234818,0.8836021307129659,12.574530580651274,3,0,43993.612862948066,14,2,0,62004.58257451661
7543.793133395822,0.8133353318882213,23.72123655456934,0,1,5236.410049667284,16,4,1,14217.392269340662
24167.434004134702,0.6645960415816102,2.8739659856393565,1,0,21117.110430887566,1,3,0,36256.29604855275
38539.67645807657,0.775239187544958,42.3972108909257,0,0,10437.314865317348,17,3,1,65322.75265138507
19335.861639232156,0.23684371068204263,26.19945726964861,0,0,35681.64978439787,8,2,0,23535.20099878099
34250.85105089925,0.5124912351288179,6.1956033181638785,3,1,7969.054340263339,18,3,0,75351.87231197835
40386.14815711727,0.41609744861390285,6.256228200648309,3,1,34245.9646532715,16,4,0,88849.525945658
46577.35751553428,0.18439887363131485,6.10937071557523,1,0,16450.500927501642,6,5,0,56109.01305799216
14028.177847206316,0.5375174366934317,1.7607458466095853,1,0,12349.09024564956,10,1,0,21135.91693092127
21767.848043037484,0.9286656853083718,26.587285460940848,0,0,47008.570217774315,10,6,0,37456.40917674766
10163.55262652962,0.13605320714562505,55.04279834532804,2,0,3870.6551070599257,5,0,1,16397.202625302332
49646.72460144364,0.36231482214441446,0.5295935224749638,0,0,23575.53177880974,12,4,0,84801.5032385014
46569.04549244188,0.2867868425851331,1.5073830225225067,1,0,4016.4686457043076,17,6,0,85738.14339102001
28377.9851231863,0.3143319882991267,25.513002501385678,2,1,25728.873260903463,14,4,1,62431.567271009866
42575.5648356918,0.9175910966914378,51.36001793449528,3,1,26549.226756337655,14,0,0,93666.24263852197
27485.02493178598,0.5212621488108611,11.868661386865499,1,0,18118.13615555311,3,0,0,39922.866802430275
32308.527336129708,0.519669471645837,12.90569578145552,1,1,9211.603543676112,12,1,0,61394.450950581864
7188.848309452781,0.784518078209754,27.21595308297151,2,0,20690.214273520338,18,1,0,11790.33920121403
38497.70976334997,0.23904298360443324,9.614956286025881,1,0,34596.3581768306,12,1,1,55883.57389742315
9002.533730856037,0.5385388186900457,0.8090632894899541,1,1,39772.60300628958,2,3,1,18203.52173378127
41825.178621868836,0.4869866927089538,39.86664472431868,1,1,27945.278312242688,2,4,1,53237.71736038112
39755.320120508135,0.6372196214919905,29.476915732387265,1,0,30722.216538668512,17,5,0,76007.71027492596
36311.00079391989,0.9996019329253947,26.079065621965984,1,0,12428.969442858677,10,0,0,55106.35451614856
4699.53788466382,0.7925040046738424,40.607164100369964,1,1,16504.525661699525,18,4,0,9957.204479498108
17247.032729430444,0.45807913271568446,33.73921855304647,1,1,10609.093672460845,19,6,0,37943.47200474698
15366.290785809615,0.8447977470466422,6.915695978428045,1,0,14716.881450216733,1,4,0,24029.700244425207
19926.4111511614,0.2536375269812322,13.038216441206274,3,0,13569.678670599993,4,1,0,30001.529145463504
7119.2090979004115,0.1274173176780641,4.04402794485232,1,0,27414.092960388167,4,1,0,8079.312621064902
47037.01768245995,0.28400353521784577,4.172931853339272,3,1,29446.37152216428,2,4,0,101286.34379586102
29028.705313481685,0.4063704005028337,33.82848303559954,3,0,47412.528778610715,19,1,0,63863.15168965971
17359.64260092711,0.5595226817136039,58.68489846344115,0,1,12191.820413771584,12,3,1,28865.896000408728
21658.13130249132,0.6536162264870798,98.68907688212407,0,0,33158.758377590304,10,0,0,27765.385100149902
24018.519403727274,0.9195451454929796,29.693849160623078,3,1,41411.18564241358,13,6,1,52840.74268820001
31227.93366794901,0.5588686085954119,6.103953075400402,3,1,29331.34879780347,15,4,1,68701.45406948784
27236.933101735394,0.5511480801631564,3.349754033998127,1,1,14985.171667550558,3,0,0,44459.52324753614
46211.422741077615,0.14521870884068394,50.275501075944746,0,1,15339.86081094001,13,3,0,82558.52215195265
26357.28369657402,0.13142039739060143,25.936325147463457,2,0,4844.893494336996,8,6,0,42200.16293666555
49631.42669669569,0.5960439657247348,28.89243231527973,0,1,17355.87864777864,7,1,0,67283.1544520681
43016.9730140195,0.49436075192351003,45.62387317960883,3,1,37996.37291315886,8,2,0,94637.34063084291
12799.994174794783,0.8552623554822687,36.44871008406067,3,1,5233.3345887341875,18,3,1,28159.987184548525
46737.975088264066,0.24461162624066068,53.95595602112111,1,0,13306.87827772704,9,2,1,70490.24860653713
8469.220700617378,0.12247449590534465,1.735671998397894,1,0,36192.927430993754,6,0,0,7624.647973647573
41420.13629908601,0.5041348911371133,41.29277289887711,0,0,39784.6234526752,4,4,1,42571.070759284994
20889.294793399265,0.3137307010770317,57.08463765296111,1,0,24399.965272910635,15,6,0,36600.355523799284
44264.793060918266,0.1446529360049537,10.111844088795863,2,0,35809.49390849649,5,1,1,61425.96712949996
43798.66443505017,0.7521384581628661,30.686833432327894,2,0,21233.751926779925,5,6,0,67959.64385185765
40878.4938055282,0.20043369996152272,11.313417714801798,1,1,10515.922516133993,7,3,0,68367.12173759358
40131.43050643188,0.6474875500069945,95.08191013805745,2,1,21713.026195576607,9,1,0,75325.37260025273
17319.919537607915,0.3529447751502003,1.0198472048546023,2,1,30258.487549547714,7,2,1,32941.72977964048
6803.206303408852,0.2561464453195198,26.010223809989835,0,0,47558.504247085846,9,2,0,9050.587845020345
21940.068401962588,0.44177637062738573,5.463774972259198,2,1,6231.294748167834,10,5,0,46240.67655488424
11155.652204365908,0.8213011986006583,37.36679077837307,3,1,26847.522410713147,4,6,1,19299.694513911094
35662.7011784157,0.4528842192141155,5.8035482023666285,3,0,18459.229575904046,6,4,1,60966.490182812784
19266.68714727592,0.7756926842899501,8.051416999247019,0,1,26890.649631004642,14,2,0,32551.438395690107
48853.679440416,0.21293766711923562,20.458551194944576,1,0,4126.846026696989,9,4,1,55749.26158506408
33125.687635230606,0.7954942776985712,73.89492421612421,0,1,17712.191670974324,1,5,0,44023.384622512094
41656.58649081497,0.31323999241598377,7.136843487236593,1,0,41533.802933769235,17,3,0,66508.72258412668
9228.659618866877,0.7096538168999855,4.672960219855878,1,0,29035.261491167963,13,5,0,20303.05116150713
43514.68066681326,0.6092033993568967,42.685866501787046,1,0,24177.37716235752,7,4,0,71780.77714768589
46369.587954129536,0.9362302454905186,20.83161040509381,1,1,16419.67837062096,9,2,0,93727.97197986023
25891.91018448999,0.44859026617778264,72.83938609068014,1,1,17007.998571193726,11,0,0,43278.532028036556
31493.88807429594,0.15954866995099642,4.756318986383117,0,0,21005.76737875747,3,4,0,43725.264802780366
38946.06064244079,0.11723993699612761,31.147640836963614,1,0,42271.823368334335,12,1,1,61100.92803921332
11217.41548123939,0.8441727048754778,7.953327692413867,2,1,48459.02071998861,3,0,1,24461.657540032713
26620.605593781795,0.5722620738952889,5.115125169869841,2,1,23616.802923467603,15,6,0,57814.485154402355
21737.162305298716,0.7977196466514543,34.50627136145437,1,0,21487.583421144805,10,4,0,36505.46905522186
9879.577631625707,0.31098304001036325,27.01876868032991,2,1,42787.886463533556,1,1,0,16081.087418839948
20274.11784770198,0.4105753709619103,42.17379194171599,3,1,23064.55006990627,14,6,1,44603.05926494436
6204.098541118197,0.12709348499018705,11.108553295219716,0,1,28944.854097895608,6,5,0,9241.24663960035
4213.159626625888,0.9653430921167009,17.824676606686403,0,0,13854.258236140988,2,0,0,4267.027253342504
9352.81559027667,0.7010811160307321,15.599607634324906,1,0,37944.61918161654,8,4,0,18758.486125293297
48266.41024469117,0.9398845789833756,124.223212367755,1,1,28003.450958726746,1,3,0,73778.12412707979
28827.888187065797,0.3389467666861651,10.369886428163332,3,0,41024.62386129606,4,5,0,46117.312807919865
48393.641574201334,0.6503172501030947,10.478948201347498,1,1,39694.438311347476,4,1,1,74144.3910451854
23327.400281516202,0.710649971463374,13.134142678783686,2,1,13105.224108691342,5,3,0,43727.752393644325
17655.358255007202,0.38579473023182964,24.944296096347564,3,0,36634.87087621483,9,2,0,29894.285498547066
26788.667553491472,0.8632983115140671,8.723516112263038,2,0,40602.55717371446,13,5,0,52602.53976127592
23657.049365746774,0.952445316610223,74.05562750152033,0,0,19267.040316772567,18,5,1,48265.63314729423
7966.240160301964,0.8963696059264039,9.264538690734328,2,1,11112.628306406903,17,4,0,17525.728352664322
33118.836790439695,0.7651602783454353,67.84782407180005,0,1,3123.7113122406445,1,4,0,46522.272546482556
13153.794577951181,0.34971821175245865,3.276875132822932,2,0,24192.471695377964,15,1,0,24621.66736173642
32120.63388019799,0.3534544378950686,32.06252171157353,0,0,19564.338382325554,2,5,1,33708.37925162994
33559.451342713204,0.9670242884014342,71.25000246700516,1,0,29080.76218979422,16,4,0,56854.424620588
10145.168097046462,0.10925604634212283,5.544720342034468,2,1,11837.93135167293,5,2,0,16800.837571302352
5883.432474201403,0.74444497591793,103.56868308828784,0,1,43404.280740324335,19,6,1,7134.1634862432675
39695.79454521667,0.735621546299736,18.092797926579955,2,1,15114.495134521154,5,6,1,65630.22651808946
24610.61991715805,0.6604205868548177,87.40527992773262,3,0,13642.19143911955,2,6,0,42157.64691281262
5733.698388757362,0.9910979614781792,33.88637911321068,1,0,25593.56065476473,7,4,1,8804.460348190489
49758.716906979054,0.38069149218735276,10.768334230135977,0,1,26445.99811598089,3,5,0,77874.35635239199
5715.686366829232,0.40597467741392335,6.258827276187804,3,0,13109.005752899364,17,6,0,12101.57908111753
35666.655756352004,0.17104546265190002,10.86075031131514,2,0,15777.454156118041,3,0,0,49313.17350676221
49232.90948738044,0.4985183228893637,2.928960701613875,3,0,10976.146240296512,13,3,0,86934.87682200373
14241.464898148504,0.3349436736113633,4.6599200942671155,2,0,36767.628381188835,7,5,0,24351.07950352003
9685.72032829822,0.4090480319598798,3.316567091967891,1,1,39194.18446894185,3,2,0,15628.001406486657
8705.092152854158,0.8511146112300649,16.494455183753736,3,0,24729.439380586282,15,5,1,19151.20273627915
17253.931935676992,0.9419360621747461,47.627119048340994,1,1,36562.09006619582,18,2,1,34378.694788300745
7749.153117500395,0.2671597648046671,4.572989075688843,0,1,37588.96342105994,10,5,0,7323.131700084568
35531.5830596242,0.4352580383981193,4.188913475068666,2,0,9498.949800857004,7,6,0,59977.68631986104
5927.714512112947,0.9357675059038547,30.93665276681317,2,1,48410.36716722323,9,3,0,11697.100866879657
26942.840023040117,0.1556276146203004,6.588853918167857,1,1,41588.50151353226,5,3,0,46132.61203781956
49844.75213108991,0.18312447530024067,3.0812556627361465,1,0,12610.722676203704,8,2,0,82052.21349210595
41256.602666782885,0.24651189028560644,5.476196234106525,0,1,11749.756680065302,14,5,0,62156.76448740179
31915.31359685751,0.6356915507141873,77.20481714261018,3,1,8906.073842240388,4,3,0,60008.18418064537
17393.92017697075,0.23542504390539773,51.690169255696205,2,1,9503.792439470164,14,1,0,38266.62438933565
32323.10430570701,0.9712687433056602,13.111671657605825,2,1,38163.60455434872,12,5,1,71110.82947255543
27770.948803847627,0.5020430745326683,31.997781962525337,0,1,25073.750076726308,2,3,1,44604.4350799179
23025.91904284746,0.5513661643151497,23.118714291350894,0,1,39797.90611877376,13,0,0,38024.88117585844
9143.387706789375,0.32199275422486584,33.914632393386206,1,1,38073.98003445965,1,0,0,12016.87734107994
44670.398116301934,0.5238642271912601,34.43450006612553,1,1,31416.797534745416,7,1,0,66878.96529476684
24139.87849460216,0.6957222693733104,29.72509598144091,3,0,35259.230509197936,9,3,0,41361.6710552193
12147.258055575958,0.7760594232586385,9.281530925374717,0,0,3862.719045819664,17,0,0,22015.659506826996
20284.689491232613,0.7784812744389217,1.193626541071295,3,0,17653.549399836033,13,6,0,42319.113241448846
22464.09836885957,0.6201020014246795,18.24029977242197,0,1,32977.64242519228,10,5,0,38931.84288045423
41894.28109164309,0.9139237974944715,66.48503506369647,2,1,3439.212813853477,16,4,0,92167.4184016148
37479.8758863859,0.8356670625754984,25.284047610037163,0,1,4549.91635308189,6,3,0,68192.33684778499
39157.33000114297,0.7813433032287629,53.58364925689909,0,0,43038.73517610801,16,1,0,49559.259720569775
3518.469428146419,0.15004496951241458,143.47277255872697,2,0,35149.16849952737,11,3,0,4996.950156379274
22559.23791444879,0.10619016599768438,5.360030558584603,0,0,15472.377456656166,3,2,1,25852.202653157416
25623.17512686021,0.29120254947592566,35.3080141695596,3,1,35334.25348557932,9,2,1,43943.18315311054
3902.0370106836644,0.697171234522107,33.65276508482607,1,0,40245.46344954537,15,0,0,8584.481423504063
15211.220811016608,0.47007773999429125,117.29393552507429,1,0,17419.33130617476,13,2,0,21913.634228346105
38733.62168674034,0.46216563336938055,127.21734127930834,3,1,4693.75674246181,10,1,1,81534.56697044782
9444.156169262955,0.8961281994066523,34.815774469100894,2,0,46840.61886032352,13,0,0,20777.143572378503
28159.576178271807,0.9060065633186548,8.37613494468294,0,1,19223.45239989463,17,1,1,56429.0264722825
13114.487984810163,0.9182577376482272,48.06729144926327,3,0,8004.642874381199,7,5,0,28248.96382712838
3569.676408262984,0.38249026886352455,3.3960397120258587,1,1,26117.272955477925,6,1,1,7235.945738587665
14336.46850717845,0.7219502314653355,45.519343518340165,1,1,39117.98639621429,13,2,1,30495.909814446608
48866.066480772526,0.3444698631469327,72.30381430899573,3,1,13417.42378702528,17,5,0,107505.34625769957
40672.24425850051,0.27154884976700483,14.478488005210883,1,1,15666.032356268077,15,2,0,81003.04700102273
48100.10228308857,0.2661692116126323,29.87912287706344,3,1,14407.604379533408,4,1,0,87759.16927089547
25929.140064539035,0.4078968587772347,16.87108070094211,1,0,49608.63348308887,15,2,0,52192.8503468519
8157.601337842665,0.48696185780183954,17.27506394475396,3,1,12277.975485335499,14,2,0,17946.722943253866
28754.09598176357,0.8478542539495615,11.148040390598615,0,1,30049.450197407827,11,2,0,48640.419668120914
24355.73472431816,0.2079019841254409,43.08088132238705,0,1,46487.438157877325,4,3,0,28176.20595263648
42684.78288876195,0.7614332626554048,82.54904469804525,0,1,9904.138737255624,3,5,0,55595.217055800225
7609.881296859496,0.5783094227703748,84.78012002758483,0,0,48630.14729978191,2,5,1,7771.762913229743
25947.333440023576,0.3591508084083932,5.763204556205916,1,1,47531.43001659436,10,6,0,48905.553512632956
10052.287240617261,0.5435376260795421,62.32178516872952,2,0,44574.88339173834,13,5,0,19163.57275389887
18259.76856383282,0.36994786279932035,40.11729166605363,3,1,13084.156502510106,18,6,0,40171.490840432205
37655.782637226584,0.6364737597144754,8.744173433318867,2,1,32800.58763251622,16,1,0,82842.72180189849
25372.852080332028,0.4904595305697198,2.0896552810574534,1,0,38761.899229178285,11,6,0,37884.47004728072
20666.749401851157,0.24796497617099086,9.35913093789855,1,0,49343.312625232196,10,6,1,26779.95711071889
21540.38509279166,0.20492476710012705,72.98362787229635,2,0,11479.91963782441,9,4,0,32744.419317231146
24593.998115081373,0.5920261138649171,30.086412061673954,2,1,39003.21727740693,12,1,0,54106.79585317903
39895.777560341674,0.9121717299574931,38.30218300655177,1,0,18923.654986574307,19,5,0,82228.00975156776
44927.98038019102,0.409561917901917,8.91792911666305,1,1,11254.443881696108,1,0,0,66029.16000262795
47900.73026568463,0.7597000965003609,38.123487034152724,3,0,22804.716237051183,18,2,1,105381.6065845062
39984.45915399887,0.6927952194457903,0.8557346638327754,0,0,40310.28787098497,14,2,0,63092.95629241833
17824.124100156598,0.938399422878533,14.115537441139699,0,1,24847.94077409045,1,4,0,25478.613578042754
35342.33118606748,0.8388829155692268,29.56547441746262,3,0,28263.58570954328,17,0,0,71097.9952197927
23567.34683060342,0.6099447330149167,4.738114979739475,2,0,49772.4922794057,11,3,1,43891.821342745985
14969.519236164406,0.6913274484106966,51.948772236830166,1,1,21758.137079199023,15,6,0,32932.9423195617
42520.96423301836,0.9085478199256314,8.037610784166379,2,1,31923.83547133427,4,1,1,85424.58484211566
4806.038401229274,0.45956690612824136,31.690827633165835,0,1,20166.47747592248,15,3,0,9215.958471685824
45382.81363036491,0.39411523527199965,15.58575781195438,0,0,21460.925377449134,14,0,0,72673.0571351368
24689.440837362505,0.10972997527167672,27.193449493253496,2,0,35695.11541193418,1,4,0,33069.1165855505
32948.46940998918,0.8438959667723178,3.4102009093840433,0,0,47080.687876459524,9,0,0,44202.71872640391
33989.63434367179,0.8208826303630284,0.5117236395879541,1,0,28490.870673139107,7,4,0,53195.323464171706
45070.53381320721,0.19400906629013626,72.09352759666459,3,0,39114.796660592656,11,3,0,80268.21233774105
32923.47506185874,0.6191716430194302,9.426121077993455,2,1,7192.7082643973,2,3,0,52854.95557275286
31854.878483722903,0.5175835283501987,51.39016821476319,1,0,12924.427759300566,2,0,1,39896.80770464332
6132.645906352428,0.2068381859582003,220.17001700626,1,1,26600.187123218024,6,0,0,7954.297363593782
27365.17703142459,0.9825114043546512,7.1260708696437,0,0,3940.5510105524154,19,6,0,48355.9121138965
10057.943038400957,0.2932262987170199,9.243513230552287,1,1,14884.184001840264,14,2,0,21051.176246409756
37659.387129909825,0.16051076208150505,32.61769124182972,2,0,27317.86062177341,3,4,0,45789.956439604706
27074.4302781957,0.6353626415517186,100.95924630091235,1,0,3703.1763180461335,7,2,0,35613.82353961581
34970.70562279261,0.7649800094197294,74.24192334961384,3,1,15433.67545262396,7,1,0,61362.003901477
4958.626328312061,0.12919910144246827,20.967444648040253,1,0,27159.448515365864,4,1,0,9496.674584768156
6985.224754152751,0.6928458748543199,47.55850224429098,1,1,29938.014655118546,5,0,0,10447.101197301457
36667.199238946065,0.579062688356309,4.376652057822276,3,0,46510.32957359936,17,3,0,80667.83832568135
6387.963791937648,0.19293850798754358,113.74489104541243,1,0,33331.244292778574,4,1,1,6033.300828005848
6349.066204967154,0.2552714892517259,100.02290557601282,1,1,22492.582718909707,13,1,0,8159.454464428309
3569.0983360397104,0.6111768675844724,5.364075161398228,0,0,46726.505325254184,16,2,0,6689.404568234281
47955.56572007557,0.3667218521619595,10.675535277140174,2,1,39889.50021922633,16,2,1,105502.24458416626
37662.89289457333,0.9444841557861845,3.1659824982378675,0,0,12400.419292299137,2,6,0,59931.5312187262
19602.816199597015,0.8368662065356457,9.511991772092369,2,0,9149.59098339453,18,6,0,39108.31500650903
16937.172320519796,0.9852104858622968,50.777378259515736,3,0,34763.146879908454,1,1,0,26828.138066855565
19436.05179805493,0.3337037550553726,14.259681661066898,3,0,29314.50878211824,18,0,1,42474.17224127075
39408.71596551555,0.9727512695181794,2.776519639799262,3,0,40114.659848259515,8,2,1,79655.48719821125
34084.41872030948,0.4881104828124021,12.566794476949479,2,0,37723.83735369826,11,1,1,61222.70677688985
11704.191689770993,0.41276691578237923,119.51094272717039,2,0,32384.942091303208,15,3,0,19083.313710372036
11183.138760701964,0.14531457427241792,29.801924724793697,2,1,49359.962066557935,16,2,0,22407.73613171417
7624.595536529674,0.14748873207364238,16.14389781893739,3,0,28078.717315189206,17,1,0,15426.11406261679
34034.227825962895,0.7228101303519893,5.465033544425866,2,0,8315.970555580832,17,6,0,74875.30121711838
38925.51512442159,0.5121360949906252,128.44220227386072,1,0,41928.85754635145,12,4,1,64316.93332224609
15457.182131275189,0.30386946343249516,51.58578915113588,0,1,14837.108030248322,10,2,0,25053.186590234134
3984.413168452902,0.6525732756927094,9.91673951326215,3,1,39533.20096276416,6,4,0,8765.708970596384
6862.068371392085,0.32757230642510005,2.1793368578988073,0,0,47984.03351200242,8,2,1,9855.692941326355
48489.421637716434,0.6198685789099804,1.7487599763235315,1,0,35749.38915632404,13,2,1,85648.5986807161
16885.90454143875,0.42328787228442133,3.8478953763354147,2,0,31013.41756464065,2,6,0,21913.452551633498
39153.48794839228,0.8411970039506371,26.07996615346661,0,1,24638.15025672691,19,5,0,86137.67348646301
32359.187736150398,0.8386265446901013,79.2524653611961,1,0,20127.26370178395,10,5,0,52990.48228224984
20951.16306368611,0.5296153583101612,20.599654663309487,1,1,19591.223295676304,4,4,0,33958.120267728176
12667.30132319109,0.415737198401514,55.53486865222999,0,0,32909.51716835076,12,0,0,14196.550375863906
8705.161653492101,0.4263038169031851,17.71157867644603,3,1,38309.83649607406,18,1,0,19151.355637682624
31905.609497826732,0.8251430731013961,36.99005762036069,0,1,34890.302265767474,7,0,1,54295.38831879489
39407.78768997604,0.39536153451785083,39.48880650932276,3,0,12325.274756097448,4,0,0,65380.6807010641
33263.49991643314,0.2881534363361614,5.733497005264153,2,0,26217.397466744085,7,5,0,63080.88728731456
27924.20026271044,0.17621950768777617,13.445670067294312,3,0,40207.08339260396,10,1,0,50797.21066957661
4971.7075012869045,0.5200238087959675,30.425555355027946,2,0,25358.091674885643,15,5,0,8927.141526097155
48518.972546936035,0.5339188890278577,2.1996004369413704,0,0,28221.29414756821,12,5,0,71004.4163904032
40539.56700776501,0.8568178393626165,13.46089639163257,2,0,39243.39426402864,1,6,1,69492.37299714389
16762.635724945343,0.2991148268014576,22.95860133148085,1,0,34079.4693944593,18,5,1,28468.267196059445
49058.60547986598,0.44289214630155993,167.37661837460018,2,1,22239.211281472453,16,3,0,105873.72459141316
31288.43471290714,0.8275651650043219,19.304068760483418,3,0,45084.39742612829,5,0,1,57928.897528372596
30373.864935740585,0.8412612496740761,50.793840946060904,3,0,10640.652227183495,19,6,0,66822.50285862929
38159.43943318801,0.4461499683808914,16.972569807066243,3,1,49789.27308374526,4,6,0,83950.76675301362
41153.18004023647,0.5132116209580129,47.74657285929179,2,0,8586.071188383148,6,0,0,66418.89890313892
33854.49454458062,0.3729573017643546,27.146788147785557,3,0,3702.648641899228,17,6,1,74479.88799807738
9020.5000792114,0.9392993905773809,65.3038107031461,3,0,44830.88835399194,7,0,0,14740.46776574359
18898.572781741423,0.20677938916742228,15.876946976290874,1,0,14512.814893199937,7,3,0,32562.75681821554
46619.93109532434,0.940374480701323,27.81330300840986,2,1,37295.882489995885,9,2,1,102563.84840971355
13556.933756661041,0.7154798066518089,29.829082883322894,1,1,41117.72262180726,13,6,0,28835.45261988328
20491.850120363128,0.578414937418058,16.20675466347729,3,0,43372.36037850949,14,4,0,45082.07026479889
23307.613498377214,0.1293931547060463,4.675485189547544,3,0,49604.929076215834,16,4,0,49296.37903381192
23652.034515639254,0.5280365726398075,2.9468935593373393,3,1,16819.866371879958,9,3,0,52034.475934406364
31808.1603772427,0.46697329450245906,0.5043625512062002,2,0,36381.43707058118,15,0,0,63507.778892762806
47324.56437400126,0.2450969307776103,62.033516133098004,0,1,8423.793339198926,5,4,0,54999.28763487323
14312.557456127734,0.6907686431505912,8.094278879246268,3,1,22120.036693771923,18,3,1,31487.626403481016
8710.564686143149,0.9740358166314572,7.128942967884469,3,1,42854.66958569175,8,5,0,19163.242309514928
12281.113023417054,0.6059699299580726,39.95820832050007,3,0,20279.92816477809,15,1,0,27018.44865151752
44685.47030983567,0.7432779487995512,11.570585304284556,3,0,30781.48288517386,9,4,0,96653.24199280007
33353.10819479468,0.1616054073094151,21.159307090686575,2,0,26677.3518550578,19,1,1,56564.25991871391
16437.619094240526,0.4759002962352953,5.320416829970068,0,1,33359.72196226612,6,0,1,26248.961182471354
41349.50613152501,0.2047226366480463,96.37616945056206,0,0,48726.03630122166,4,4,0,44617.25663874266
43484.38982908149,0.6515162519828593,57.2315585787537,0,0,5619.569745565899,11,3,0,55456.83311134154
42786.17391844307,0.9446339423927391,59.80664095454244,3,1,29976.191322576597,10,2,1,87343.49216002859
46189.547081059056,0.6955999592244747,15.665382473192025,3,0,43562.352624763385,3,4,1,71543.95977529563
14855.327948147995,0.1691227434829794,43.11010388528969,0,0,25624.987452176094,1,4,0,15665.558634939875
38486.97065107508,0.4191995844865746,4.660207050669638,0,0,6690.777739253923,12,4,0,52914.04450040396
24645.35637188458,0.5955970414967664,0.25969083033161816,3,1,29345.349563588232,15,4,0,54219.78401814608
42573.93198583289,0.46288698051992705,0.6052526364180287,3,0,18607.47286871956,15,3,0,93662.65036883236
37239.06182659582,0.8502796094276551,26.50031503390718,1,1,10282.263910882986,14,3,1,71005.17864524217
39493.02998548706,0.8332039042389903,18.230830312537176,1,1,42904.62212432323,7,2,0,66360.23916696977
33839.60637101036,0.6506479180928992,21.895290289413648,1,1,27515.177110582717,17,3,0,66744.3024444583
11339.152165076222,0.43611215061943476,0.22473386975171414,0,0,46863.99138181614,19,3,0,20797.333963701956
28616.2651881561,0.3298027363869197,16.481101191979445,2,0,40882.775716344244,7,0,0,44634.55444590465
49279.47775765188,0.1952868863918164,37.98269830937253,3,0,35569.674307362366,3,6,0,67054.74014798498
47057.23912536459,0.41940791513789866,17.539208504908302,1,1,3236.198658169661,3,0,0,72830.46088555618
5029.165582459548,0.47185526548694756,39.527597014879206,2,1,23107.702461997746,18,6,0,11064.164281411007
10746.296339283545,0.7082406325936662,7.958796100204834,3,0,12281.855237645519,14,1,0,23416.329776735896
9191.252352364409,0.6923438418678162,50.32218998578571,2,1,45807.501819296784,3,2,0,15933.967067574044
37121.055769308885,0.16309732567713126,26.63337533806436,0,0,11205.447279788932,7,6,1,47858.24138236144
41435.91050327642,0.45573338388804197,7.100662469866792,0,0,16444.82242798642,7,0,1,50997.30227391662
13035.03421660158,0.26360098049562575,8.103928979148009,0,0,27291.32808352146,5,2,0,18894.21481337089
26775.076568735964,0.24113143478512514,29.66829966199858,1,0,15378.090092909724,3,2,1,36580.04211070479
42513.0423165264,0.8445719347635213,53.14804713010845,3,0,12863.639832118695,18,4,0,93528.69309635808
37441.67260401378,0.13772369504463178,16.116514189263604,0,0,31157.668279829366,15,5,0,53753.92522301303
28485.14865811687,0.4772645883119092,8.964330264383685,1,0,7179.687569486121,14,5,1,57951.31985248428
30746.341451562326,0.2513832901898664,60.52480273719438,1,1,5733.8846598834625,4,5,0,44144.529195492134
26892.945705065158,0.8913971941106266,33.193433441213585,1,0,20495.528873745356,8,2,0,39731.07892881616
16984.77721198457,0.6013364619475317,17.830863388944387,1,1,36871.229361869526,13,4,1,32320.419135190637
29556.033664373757,0.3082425727391632,20.077072255323387,0,1,29075.917638875555,8,1,1,46330.06826105836
35377.609196354264,0.5521845584497388,6.854350228620008,1,0,22875.194017938607,15,1,0,72411.51578796378
44046.17704545796,0.7583377237328043,29.56943572101696,0,1,29590.32351855537,17,5,1,82364.42176841486
32905.693637024655,0.9623062080274903,13.329726093002439,0,1,20176.21977870386,5,1,0,50844.01706646365
38772.71224102843,0.29840140382087704,163.0941371299033,1,1,46998.877765309306,4,4,0,59510.65614893246
10523.36684286493,0.8975635949164106,19.628383309818656,0,0,5580.5298728063935,11,5,0,19422.566796712712
24693.201297730124,0.9408737027507412,19.959284467126793,3,0,34649.399514402256,18,6,0,54325.04285500628
3438.586131873385,0.9247784900788596,25.031078985563667,3,0,44890.28524690428,10,6,0,7564.889490121448
14593.906632516282,0.6718729211757188,74.5793778676829,2,0,40782.58131055691,17,4,0,27193.308810318416
37143.70061031123,0.6668385889912369,48.40610402128978,3,0,11649.928636607996,15,1,0,81716.14134268471
49615.06771342008,0.4628895698654405,17.9968136055131,0,1,16908.53840207355,6,5,0,78878.57939992493
7661.370680599148,0.7771580940734091,38.04992862237368,0,1,36701.25311923392,16,6,0,14041.400496493423
21870.232845480547,0.5781646165158387,26.47374913923061,3,0,6960.71628149598,15,4,0,48114.51226005721
40603.335528860494,0.709694264105465,20.339898881179938,1,1,41157.49989213145,8,3,1,82794.20063808076
12589.674827558245,0.485612113463916,6.407523142433265,1,1,36788.62639642515,9,6,0,25107.20565618844
29088.992617207452,0.7583468176388252,18.705066405479613,0,1,37291.5125140611,11,3,0,50360.38028280551
37454.350913394715,0.8420243658440941,8.463670174442617,1,1,7711.344402576795,2,4,0,57726.33043697972
31951.316162228413,0.23179263094253452,73.89746052384601,2,0,36734.74560636285,13,4,1,44615.75309268403
11837.162526924558,0.8496367440168052,12.257405254199877,2,0,34951.45188533859,4,0,0,22724.862330835564
19703.074728229753,0.5862668786112766,91.26209259646451,3,0,42053.357068626974,9,6,0,31129.391349515805
39838.21387081367,0.8601993181812019,22.846332675884327,3,1,4955.009944054067,5,0,0,87644.07051579008
29048.64616420478,0.4881715357069132,29.953050156157694,1,1,4086.201417986233,19,2,0,63148.310748461205
3245.7918365168985,0.4411364368447316,23.488247345236235,0,0,20531.333694292356,3,6,0,4053.918164090185
38766.56572132041,0.9235546592655002,4.15651158352914,3,0,9993.049340910185,3,5,0,64935.19561546475
4659.633682191236,0.32605234079356116,14.139553309445821,2,1,29244.07044580043,6,2,1,8218.367438322113
38049.48778836791,0.8597910927575287,3.1323660394221124,3,0,46115.398370817195,10,2,0,67195.76761760478
12516.586327766157,0.5356185152584637,29.26164600736053,3,0,21399.54732569874,5,1,1,21763.18112631843
48029.45356561087,0.5626858982961338,17.765094246484363,2,1,42712.66773181239,3,3,1,81615.57447720222
20293.21531119797,0.37762145334053565,45.150306113240774,0,1,3011.3211023397243,7,1,1,24494.230015954774
18365.78596788972,0.6157379805571142,7.471941661608794,3,0,10920.188242581658,18,5,1,40404.72912935739
9997.7383656249,0.39269007664859024,5.394119958595003,3,1,4429.906363742024,8,4,1,21995.02440437478
17363.3981280401,0.1353424728174871,15.643062824378033,3,0,18422.91748420823,1,0,0,26651.81878818058
44202.585805925424,0.34479874480992045,78.34896673418986,1,1,45684.910997735635,4,5,0,62547.41260836375
49827.71386848063,0.10574113906593162,37.179898481682315,3,1,7556.749809152424,7,4,0,92897.71049396804
20310.547933821872,0.980519308351171,16.286192280727107,2,0,31501.259506958617,14,5,1,44683.20545440812
24084.6996548635,0.9691724888377727,21.849068478318504,0,1,24220.309138613877,13,4,0,46742.102750274156
36937.33409552864,0.45563976772507453,2.6391445891182315,0,0,47108.005981193186,10,6,0,50019.84218407305
44651.2016818585,0.7555337689056814,125.15471468348554,2,1,8758.399699243411,18,0,0,91441.51576756805
30873.083706778856,0.41122548856938246,32.935035159143446,1,0,12965.30897360476,1,4,1,43182.478275796486
21401.70781435798,0.7039838413773785,10.08114080258265,2,1,4388.472524740184,4,2,1,34928.802966233045
22393.226519885317,0.8248870387413811,26.442797889535903,0,1,23394.956732674567,16,5,0,49265.0983437477
35694.05288534993,0.9520806202230166,3.478571225032061,2,0,16058.146279538752,16,0,0,75042.19601281255
3151.258389401098,0.4601910482647048,101.2980719242162,1,1,43885.57889284508,18,4,0,6932.768456682416
32120.698860612512,0.804968184660443,5.7633391756712475,0,0,31432.218220294486,8,2,0,52394.57022467092
19708.171490743796,0.3393356055689069,31.326307137965706,1,1,31862.26468485798,10,2,0,35591.93535746487
40327.27457002296,0.9912990734142835,8.449189443229795,2,1,27999.802753421216,16,6,0,88720.00405405051
7370.560071687211,0.12319263888791604,37.92882107150394,3,0,7316.965849772447,11,3,1,16120.615564917927
30645.506546574354,0.6431759258510088,44.99348353262361,2,1,23915.878135091698,6,2,0,54066.60998372975
25605.725824647816,0.6935553834861944,33.572385216753915,1,1,49976.74391630028,1,1,0,44577.76883339223
33189.299717545684,0.719241001366716,28.596380575905027,2,0,42255.776669762694,12,0,1,61831.31771155714
6048.118940699513,0.20834882091018012,66.89930923839789,3,1,44992.575545854444,6,0,0,10445.915675740232
30259.23800912217,0.9446768051258174,2.4567004941144837,1,0,41691.638884585474,13,0,0,54494.91632420576
29389.775634097616,0.26306495114507455,12.055314646755573,2,0,7842.959591256186,17,4,0,54762.0842179275
29351.024437560034,0.660478062915857,8.56203944596946,1,0,13690.067941045583,1,5,1,42275.9211789873
31363.920330033376,0.30040847121077646,132.72038436131675,1,1,3146.7176137512524,8,4,0,46177.290492756554
34793.99304963903,0.37649477531914377,14.798893819222679,0,1,17264.97586927124,8,1,0,62159.0071790453
40834.482984996175,0.5918126875553119,39.57171320975361,0,0,8104.547910285151,11,5,1,66367.3141180138
15681.573846026075,0.4754740767081188,34.62931574831084,1,1,25221.287229174402,14,6,1,24768.708966212853
41777.32227846292,0.24420304087885567,7.150808630524051,2,0,34824.99196297339,10,2,0,60142.13884384833
26418.01706638232,0.25384276217876345,8.193566183485562,2,1,44101.748866789625,15,4,1,53823.201857295084
6621.7391193135645,0.47633030934651965,9.908693293454242,2,0,38213.206759272216,7,5,1,11809.16191427738
5751.893674467023,0.7815546804479506,15.88635632409012,3,0,47113.52300158975,7,2,1,8591.922391538585
18709.200978714856,0.9081681821630097,8.009927010029378,1,1,5533.219648508073,10,5,1,34953.56875569098
39890.15792423898,0.17571489603344456,0.5954142206601248,1,0,3572.4522645774477,4,2,0,55948.98278070132
36261.00393282304,0.4537935168034609,63.45655272799863,3,0,34082.891350301994,18,5,0,70986.90217249129
40064.9033396031,0.19022100735058897,101.09953654218492,1,1,16599.563280445574,10,4,0,58920.22582585932
27311.64565275564,0.1149332325693381,12.536929603835071,1,0,14914.547756971337,19,4,0,41375.21301264532
23689.352903908057,0.6955468143795609,12.397670856521067,3,0,18551.693121608332,14,1,1,47269.97878263163
9930.268755195346,0.642204497769929,0.21351237617953608,0,1,15680.414720941115,13,6,1,15009.553535022202
18425.05941963764,0.2467172024333976,34.20653973719187,1,0,27037.511096174603,15,6,0,32369.091584057296
23398.910210172136,0.3104315497837577,52.36458479021527,3,0,23686.977019534228,16,3,0,51149.08094981671
7164.22019494201,0.12133697828006655,4.756099035001647,2,0,27084.141914702846,2,0,0,9081.403733524296
13368.76177742693,0.8514524851249633,5.218687886241469,0,0,34617.5397405205,4,4,0,19171.39570683736
31116.588820995723,0.9772215364436964,46.83132765895835,2,0,21195.13392164397,18,4,1,53045.28312452317
37576.166369241924,0.22191358311522175,28.73610511064776,1,0,14811.461295681369,17,2,0,63199.21119376722
49922.33303546863,0.30832769238876834,1.37693808614972,0,0,10811.425230011038,10,3,0,63040.38427330798
46856.32657314721,0.8815685715522407,29.229275882606157,3,0,19425.283618033398,9,6,0,100393.16899914981
33200.564378154,0.9338174181605663,11.08489177836173,1,1,37864.904336570085,15,4,0,71809.78491685397
22798.658504821386,0.47766464452612933,13.800418244913397,3,0,38565.13077523907,12,5,1,41628.499532674796
32900.33614128694,0.14556022504216673,44.05526714427887,0,0,34344.55317415789,9,6,0,34736.198258945966
39925.6260497709,0.13545265032353748,49.96996280357247,2,1,13999.324239423106,14,3,1,69819.4851639033
8561.800973399204,0.6165548794621094,15.342605356351326,1,0,30640.05355517079,13,0,0,17483.10125241272
22265.52981572555,0.45360559800386113,88.21059365347374,1,0,29822.414094111853,6,5,0,30755.337713957553
42470.70742487401,0.12578718481988907,15.649657489151942,3,0,25760.511311157097,19,2,0,76331.14075838139
21040.14874085307,0.6249271530813011,44.330722942801586,0,0,28849.01236004162,4,1,1,24596.04713566005
29877.996747677767,0.11017228293012023,19.84232047239116,3,0,26114.1597333124,17,5,0,60355.338041586714
30625.159960523317,0.8086347623343456,68.34623732549657,0,0,29576.449205483084,19,6,0,54793.774648687024
11670.38389728105,0.3757895404330345,71.50124657629567,1,1,36628.77986719305,3,0,0,17031.43451806535
20025.065757657554,0.1362322027083089,2.7442808467447897,0,1,8152.525136961668,14,5,0,35874.549983844554
18722.03057087081,0.629516998884838,82.69831079582909,1,1,38232.41035100412,17,3,0,31196.20261422191
4231.245301007046,0.4579159729897493,52.38090666446346,0,1,9386.649055996928,13,3,0,6256.769676368703
4137.012902893696,0.9764203720214345,47.00726413686459,2,1,6131.515925287611,9,0,0,7576.803936526034
42089.76105276135,0.589778796253332,6.728501258211084,0,0,48875.745252408975,1,6,0,55251.2504248749
15834.328068722183,0.34771526293330746,49.061017029056934,2,0,47978.613136910746,17,3,0,32684.176119229985
27349.702013224327,0.7384949781705773,56.94015823618196,0,0,5840.51761220651,16,5,0,47936.50866193511
17040.101958672334,0.3443428022884402,10.238829371983556,0,0,23832.911749323222,18,1,1,26580.512607521836
47211.924520421,0.9138189622668086,91.25961898537027,3,0,11753.512100089412,2,5,0,83085.95597172117
15186.947666691367,0.43724977345663885,1.5343827271753645,3,1,25811.21016531765,14,1,1,33411.28486672101
23193.87019872995,0.5948817064985847,4.87236522931784,1,1,42018.33042098061,17,3,0,51026.51443720589
44018.32177277629,0.14551579344180599,23.13852513134494,3,0,47678.753412915845,3,5,1,64637.14494838343
42570.877639215,0.4835091141570077,25.72597465781834,0,0,32809.874712222256,2,3,0,52452.58939779083
11746.766638775034,0.8491271856948954,31.08181046282384,3,0,19633.566358955402,8,6,0,23474.564812416767
40724.23556039839,0.8250839248270078,0.5134426429798313,0,1,31356.301585296125,2,1,1,50389.10362964769
24534.783676680956,0.30188670296817366,96.84262463437452,2,1,17664.061387097165,2,6,1,40795.60209671156
25699.536988011696,0.30347116390950646,1.368381449486537,0,0,45761.71111910684,9,3,1,34927.735039183426
9273.558703549359,0.8355747809919131,4.631689596692858,1,1,43908.82176597434,6,4,1,19270.221064527675
6788.271146584859,0.937358578152393,0.42340944435463024,2,0,29236.892263144066,12,2,0,9921.081258248763
37213.14742776696,0.1858248291457032,25.100719815618294,1,1,18265.549022876945,9,5,0,55665.743747186905
26333.674160699087,0.5050527754836027,80.76540178337198,1,1,16789.314752399983,7,4,0,37535.53709310063
23531.98302291344,0.4037088510678061,32.89368339382783,1,0,4570.645751137795,12,6,1,41918.369453024345
37286.88674666265,0.8836196099116954,51.89016630547507,3,1,41343.57999818888,5,3,0,69654.60765246261
38979.10625258216,0.1751724232120169,0.4011056218591406,1,1,24168.011012833376,16,3,1,84421.29972514216
10468.683880459617,0.2900133483022337,23.42758494659999,2,0,18281.247634812426,5,2,0,11853.617957712564
31680.58202544914,0.7772215038278449,18.461314974465637,0,1,25142.186684894434,12,3,0,66141.94157118117
9361.64186705122,0.14616446408309403,20.732555890587104,1,0,41480.685551368646,9,2,0,16451.118083788406
38314.629043365145,0.5432818426428604,2.2485989449082937,2,1,8856.867762253496,7,5,0,84292.18389540333
33876.892344555556,0.49789633121174803,34.601752207009525,1,0,43309.83144736588,19,1,1,51125.73987955524
47960.88719092253,0.40096106108987384,20.988265257534405,0,0,45182.915250092636,11,2,0,71692.42332904262
6241.026768751795,0.45511508378703147,43.4641010756334,2,1,47495.27200659274,12,2,1,7924.470935016756
5681.571894108953,0.5769465282372097,19.924586268027877,2,1,21681.935643863504,3,4,1,8783.11690334816
16262.792510580406,0.2452306225495448,4.853751215867729,0,0,13205.598989770579,17,3,0,24878.869375180464
